delta;b_anteriors;sitaucioVWAP;b_futures
24;CCVCCVDDVDDVCCR;EP3WP3EP2WP2EP1WP1*EP0WP0EN1WN1EN2WN2EN3WN3;CCRDDRDIVDCVCC
-2;CCRCCRCCVDDVDDV;EP3WP3EP2WP2EP1WP1*EP0WP0EN1WN1EN2WN2EN3WN3;DDRDIVDCVCCRCD
4;DDRDDRCCRCCVDDV;EP3WP3EP2WP2EP1WP1*EP0WP0EN1WN1EN2WN2EN3WN3;DIVDCVCCRCDVCC
0;DIVDIVDDRCCRCCV;EP3WP3EP2WP2EP1WP1*EP0WP0EN1WN1EN2WN2EN3WN3;DCVCCRCDVCCVCD
32;DCVDCVDIVDDRCCR;EP3WP3EP2WP2EP1WP1*EP0WP0EN1WN1EN2WN2EN3WN3;CCRCDVCCVCDRDI
28;CDVCDVCCRDCVDIV;EP3WP3EP2WP2EP1WP1*EP0WP0EN1WN1EN2WN2EN3WN3;CCVCDRDIVCCVCC
20;CCVCCVCDVCCRDCV;EP3WP3EP2WP2EP1WP1*EP0WP0EN1WN1EN2WN2EN3WN3;CDRDIVCCVCCRDD
-18;CDRCDRCCVCDVCCR;EP3WP3EP2WP2EP1WP1*EP0WP0EN1WN1EN2WN2EN3WN3;DIVCCVCCRDDRDD
-4;DIVDIVCDRCCVCDV;EP3WP3EP2WP2EP1WP1*EP0WP0EN1WN1EN2WN2EN3WN3;CCVCCRDDRDDNCC
26;CCVCCVDIVCDRCCV;EP3WP3EP2WP2EP1WP1*EP0WP0EN1WN1EN2WN2EN3WN3;CCRDDRDDNCCVCC
-46;DDRDDRCCRCCVDIV;EP3WP3EP2WP2EP1WP1*EP0WP0EN1WN1EN2WN2EN3WN3;DDNCCVCCVDCRDD
-8;DDNDDNDDRCCRCCV;EP3WP3EP2WP2EP1WP1*EP0WP0EN1WN1EN2WN2EN3WN3;CCVCCVDCRDDVDC
14;CCVCCVDDNDDRCCR;EP3WP3EP2WP2EP1WP1*EP0WP0EN1WN1EN2WN2EN3WN3;CCVDCRDDVDCRDD
30;CCVCCVCCVDDNDDR;EP3WP3EP2WP2EP1WP1*EP0WP0EN1WN1EN2WN2EN3WN3;DCRDDVDCRDDRDD
8;DCRDCRCCVCCVDDN;EP3WP3EP2WP2EP1WP1*EP0WP0EN1WN1EN2WN2EN3WN3;DDVDCRDDRDDRCC
24;DCRDCRDDVDCRCCV;EP3WP3EP2WP2EP1WP1*EP0WP0EN1WN1EN2WN2EN3WN3;DDRDDRCCVDDRCC
-20;DDRDDRDCRDDVDCR;EP3WP3EP2WP2EP1WP1*EP0WP0EN1WN1EN2WN2EN3WN3;DDRCCVDDRCCVCC
-6;DDRDDRDDRDCRDDV;EP3WP3EP2WP2EP1WP1*EP0WP0EN1WN1EN2WN2EN3WN3;CCVDDRCCVCCVCC
6;CCVCCVDDRDDRDCR;EP3WP3EP2WP2EP1WP1*EP0WP0EN1WN1EN2WN2EN3WN3;DDRCCVCCVCCRID
22;DDRDDRCCVDDRDDR;EP3WP3EP2WP2EP1WP1*EP0WP0EN1WN1EN2WN2EN3WN3;CCVCCVCCRIDVIC
64;CCVCCVCCVDDRCCV;EP3WP3EP2WP2EP1WP1*EP0WP0EN1WN1EN2WN2EN3WN3;CCRIDVICRDDVCC
24;CCRCCRCCVCCVDDR;EP3WP3EP2WP2EP1WP1*EP0WP0EN1WN1EN2WN2EN3WN3;IDVICRDDVCCVCC
-36;IDVIDVCCRCCVCCV;EP3WP3EP2WP2EP1WP1*EP0WP0EN1WN1EN2WN2EN3WN3;ICRDDVCCVCCVII
30;ICRICRIDVCCRCCV;EP3WP3EP2WP2EP1WP1*EP0WP0EN1WN1EN2WN2EN3WN3;DDVCCVCCVIIRCC
4;DDVDDVICRIDVCCR;EP3WP3EP2WP2EP1WP1*EP0WP0EN1WN1EN2WN2EN3WN3;CCVCCVIIRCCVCC
50;CCVCCVCCVDDVICR;EP3WP3EP2WP2EP1WP1*EP0WP0EN1WN1EN2WN2EN3WN3;IIRCCVCCNDDVCC
-24;IIRIIRCCVCCVDDV;EP3WP3EP2WP2EP1WP1*EP0WP0EN1WN1EN2WN2EN3WN3;CCVCCNDDVCCVDC
8;CCVCCVIIRCCVCCV;EP3WP3EP2WP2EP1WP1*EP0WP0EN1WN1EN2WN2EN3WN3;CCNDDVCCVDCNCC
-30;CCNCCNCCVIIRCCV;EP3WP3EP2WP2EP1WP1*EP0WP0EN1WN1EN2WN2EN3WN3;DDVCCVDCNCCRDI
0;DDVDDVCCNCCVIIR;EP3WP3EP2WP2EP1WP1*EP0WP0EN1WN1EN2WN2EN3WN3;CCVDCNCCRDIVCC
18;DCNDCNCCVDDVCCN;EP3WP3EP2WP2EP1WP1*EP0WP0EN1WN1EN2WN2EN3WN3;CCRDIVCCVCCRDD
-6;CCRCCRDCNCCVDDV;EP3WP3EP2WP2EP1WP1*EP0WP0EN1WN1EN2WN2EN3WN3;DIVCCVCCRDDRDD
22;DIVDIVCCRDCNCCV;EP3WP3EP2WP2EP1WP1*EP0WP0EN1WN1EN2WN2EN3WN3;CCVCCRDDRDDVDD
78;CCVCCVDIVCCRDCN;EP3WP3EP2WP2EP1WP1*EP0WP0EN1WN1EN2WN2EN3WN3;CCRDDRDDVDDRDD
-4;CCRCCRCCVDIVCCR;EP3WP3EP2WP2EP1WP1*EP0WP0EN1WN1EN2WN2EN3WN3;DDRDDVDDRDDRCD
28;DDVDDVDDRCCRCCV;EP3WP3EP2WP2EP1WP1*EP0WP0EN1WN1EN2WN2EN3WN3;DDRDDRCDVCCVCC
-38;DDRDDRDDVDDRCCR;EP3WP3EP2WP2EP1WP1*EP0WP0EN1WN1EN2WN2EN3WN3;DDRCDVCCVCCRCD
4;DDRDDRDDRDDVDDR;EP3WP3EP2WP2EP1WP1*EP0WP0EN1WN1EN2WN2EN3WN3;CDVCCVCCRCDVDD
38;CDVCDVDDRDDRDDV;EP3WP3EP2WP2EP1WP1*EP0WP0EN1WN1EN2WN2EN3WN3;CCVCCRCDVDDRDD
-28;CCVCCVCDVDDRDDR;EP3WP3EP2WP2EP1WP1*EP0WP0EN1WN1EN2WN2EN3WN3;CCRCDVDDRDDRDD
14;CDVCDVCCRCCVCDV;EP3WP3EP2WP2EP1WP1*EP0WP0EN1WN1EN2WN2EN3WN3;DDRDDRDDVDIRDD
-38;DDRDDRCDVCCRCCV;EP3WP3EP2WP2EP1WP1*EP0WP0EN1WN1EN2WN2EN3WN3;DDRDDVDIRDDRCI
-48;DDRDDRDDRCDVCCR;EP3WP3EP2WP2EP1WP1*EP0WP0EN1WN1EN2WN2EN3WN3;DDVDIRDDRCIVCC
-22;DDVDDVDDRDDRCDV;EP3WP3EP2WP2EP1WP1*EP0WP0EN1WN1EN2WN2EN3WN3;DIRDDRCIVCCRDD
-8;DIRDIRDDVDDRDDR;EP3WP3EP2WP2EP1WP1*EP0WP0EN1WN1EN2WN2EN3WN3;DDRCIVCCRDDRDD
14;CIVCIVDDRDIRDDV;EP3WP3EP2WP2EP1WP1*EP0WP0EN1WN1EN2WN2EN3WN3;CCRDDRDDNCCRDI
22;CCRCCRCIVDDRDIR;EP3WP3EP2WP2EP1WP1*EP0WP0EN1WN1EN2WN2EN3WN3;DDRDDNCCRDIVCC
0;DDRDDRCCRCIVDDR;EP3WP3EP2WP2EP1WP1*EP0WP0EN1WN1EN2WN2EN3WN3;DDNCCRDIVCCRCC
-10;DDNDDNDDRCCRCIV;EP3WP3EP2WP2EP1WP1*EP0WP0EN1WN1EN2WN2EN3WN3;CCRDIVCCRCCVDD
0;CCRCCRDDNDDRCCR;EP3WP3EP2WP2EP1WP1*EP0WP0EN1WN1EN2WN2EN3WN3;DIVCCRCCVDDRDD
-14;CCRCCRDIVCCRDDN;EP3WP3EP2WP2EP1WP1*EP0WP0EN1WN1EN2WN2EN3WN3;CCVDDRDDNDDRCC
18;CCVCCVCCRDIVCCR;EP3WP3EP2WP2EP1WP1*EP0WP0EN1WN1EN2WN2EN3WN3;DDRDDNDDRCCVCC
-44;DDRDDRCCVCCRDIV;EP3WP3EP2WP2EP1WP1*EP0WP0EN1WN1EN2WN2EN3WN3;DDNDDRCCVCCRDD
-8;DDNDDNDDRCCVCCR;EP3WP3EP2WP2EP1WP1*EP0WP0EN1WN1EN2WN2EN3WN3;DDRCCVCCRDDRDD
-16;DDRDDRDDNDDRCCV;EP3WP3EP2WP2EP1WP1*EP0WP0EN1WN1EN2WN2EN3WN3;CCVCCRDDRDDRDD
18;CCRCCRCCVDDRDDN;EP3WP3EP2WP2EP1WP1*EP0WP0EN1WN1EN2WN2EN3WN3;DDRDDRDDNCCVCC
0;DDRDDRCCRCCVDDR;EP3WP3EP2WP2EP1WP1*EP0WP0EN1WN1EN2WN2EN3WN3;DDRDDNCCVCCVCC
-72;DDRDDRDDRCCRCCV;EP3WP3EP2WP2EP1WP1*EP0WP0EN1WN1EN2WN2EN3WN3;DDNCCVCCVCCVCC
-22;DDNDDNDDRDDRCCR;EP3WP3EP2WP2EP1WP1*EP0WP0EN1WN1EN2WN2EN3WN3;CCVCCVCCVCCVDC
32;CCVCCVDDNDDRDDR;EP3WP3EP2WP2EP1WP1*EP0WP0EN1WN1EN2WN2EN3WN3;CCVCCVCCVDCRDD
76;CCVCCVCCVCCVDDN;EP3WP3EP2WP2EP1WP1*EP0WP0EN1WN1EN2WN2EN3WN3;CCVDCRDDRDDRIC
16;CCVCCVCCVCCVCCV;EP3WP3EP2WP2EP1WP1*EP0WP0EN1WN1EN2WN2EN3WN3;DCRDDRDDRICVDI
-52;DCRDCRCCVCCVCCV;EP3WP3EP2WP2EP1WP1*EP0WP0EN1WN1EN2WN2EN3WN3;DDRDDRICVDIRDD
30;DDRDDRDCRCCVCCV;EP3WP3EP2WP2EP1WP1*EP0WP0EN1WN1EN2WN2EN3WN3;DDRICVDIRDDVCC
-8;DDRDDRDDRDCRCCV;EP3WP3EP2WP2EP1WP1*EP0WP0EN1WN1EN2WN2EN3WN3;ICVDIRDDVCCRIC
-22;DIRDIRICVDDRDDR;EP3WP3EP2WP2EP1WP1*EP0WP0EN1WN1EN2WN2EN3WN3;DDVCCRICVDDRDD
-32;DDVDDVDIRICVDDR;EP3WP3EP2WP2EP1WP1*EP0WP0EN1WN1EN2WN2EN3WN3;CCRICVDDRDDVCC
-6;CCRCCRDDVDIRICV;EP3WP3EP2WP2EP1WP1*EP0WP0EN1WN1EN2WN2EN3WN3;ICVDDRDDVCCVCD
10;ICVICVCCRDDVDIR;EP3WP3EP2WP2EP1WP1*EP0WP0EN1WN1EN2WN2EN3WN3;DDRDDVCCVCDRDD
-44;DDRDDRICVCCRDDV;EP3WP3EP2WP2EP1WP1*EP0WP0EN1WN1EN2WN2EN3WN3;DDVCCVCDRDDRDD
32;CCVCCVDDVDDRICV;EP3WP3EP2WP2EP1WP1*EP0WP0EN1WN1EN2WN2EN3WN3;CDRDDRDDRDDRCC
-24;CDRCDRCCVDDVDDR;EP3WP3EP2WP2EP1WP1*EP0WP0EN1WN1EN2WN2EN3WN3;DDRDDRDDRCCVCC
-98;DDRDDRCDRCCVDDV;EP3WP3EP2WP2EP1WP1*EP0WP0EN1WN1EN2WN2EN3WN3;DDRDDRCCVCCVCC
-26;DDRDDRDDRCDRCCV;EP3WP3EP2WP2EP1WP1*EP0WP0EN1WN1EN2WN2EN3WN3;DDRCCVCCVCCRDD
-30;DDRDDRDDRDDRCDR;EP3WP3EP2WP2EP1WP1*EP0WP0EN1WN1EN2WN2EN3WN3;CCVCCVCCRDDRDD
-10;CCVCCVCCVDDRDDR;EP3WP3EP2WP2EP1WP1*EP0WP0EN1WN1EN2WN2EN3WN3;CCRDDRDDVIDRDD
-20;CCRCCRCCVCCVDDR;EP3WP3EP2WP2EP1WP1*EP0WP0EN1WN1EN2WN2EN3WN3;DDRDDVIDRDDVCC
-8;DDRDDRCCRCCVCCV;EP3WP3EP2WP2EP1WP1*EP0WP0EN1WN1EN2WN2EN3WN3;DDVIDRDDVCCVCC
18;DDVDDVDDRCCRCCV;EP3WP3EP2WP2EP1WP1*EP0WP0EN1WN1EN2WN2EN3WN3;IDRDDVCCVCCVCI
-48;IDRIDRDDVDDRCCR;EP3WP3EP2WP2EP1WP1*EP0WP0EN1WN1EN2WN2EN3WN3;DDVCCVCCVCIVCC
34;CCVCCVDDVIDRDDV;EP3WP3EP2WP2EP1WP1*EP0WP0EN1WN1EN2WN2EN3WN3;CCVCIVCCVCCVDD
34;CCVCCVCCVDDVIDR;EP3WP3EP2WP2EP1WP1*EP0WP0EN1WN1EN2WN2EN3WN3;CIVCCVCCVDDRCD
12;CIVCIVCCVCCVDDV;EP3WP3EP2WP2EP1WP1*EP0WP0EN1WN1EN2WN2EN3WN3;CCVCCVDDRCDRCC
22;CCVCCVCIVCCVCCV;EP3WP3EP2WP2EP1WP1*EP0WP0EN1WN1EN2WN2EN3WN3;CCVDDRCDRCCVCC
20;CCVCCVCCVCIVCCV;EP3WP3EP2WP2EP1WP1*EP0WP0EN1WN1EN2WN2EN3WN3;DDRCDRCCVCCVCC
6;CDRCDRDDRCCVCCV;EP3WP3EP2WP2EP1WP1*EP0WP0EN1WN1EN2WN2EN3WN3;CCVCCVCCRDCVCC
18;CCVCCVCDRDDRCCV;EP3WP3EP2WP2EP1WP1*EP0WP0EN1WN1EN2WN2EN3WN3;CCVCCRDCVCCRDC
84;CCVCCVCCVCDRDDR;EP3WP3EP2WP2EP1WP1*EP0WP0EN1WN1EN2WN2EN3WN3;CCRDCVCCRDCVCI
10;CCRCCRCCVCCVCDR;EP3WP3EP2WP2EP1WP1*EP0WP0EN1WN1EN2WN2EN3WN3;DCVCCRDCVCIVDI
24;DCVDCVCCRCCVCCV;EP3WP3EP2WP2EP1WP1*EP0WP0EN1WN1EN2WN2EN3WN3;CCRDCVCIVDIRCC
24;DCVDCVCCRDCVCCR;EP3WP3EP2WP2EP1WP1*EP0WP0EN1WN1EN2WN2EN3WN3;CIVDIRCCVCCVDD
42;CIVCIVDCVCCRDCV;EP3WP3EP2WP2EP1WP1*EP0WP0EN1WN1EN2WN2EN3WN3;DIRCCVCCVDDVDD
-38;DIRDIRCIVDCVCCR;EP3WP3EP2WP2EP1WP1*EP0WP0EN1WN1EN2WN2EN3WN3;CCVCCVDDVDDRDD
44;CCVCCVDIRCIVDCV;EP3WP3EP2WP2EP1WP1*EP0WP0EN1WN1EN2WN2EN3WN3;CCVDDVDDRDDRCC
12;CCVCCVCCVDIRCIV;EP3WP3EP2WP2EP1WP1*EP0WP0EN1WN1EN2WN2EN3WN3;DDVDDRDDRCCVID
-4;DDRDDRDDVCCVCCV;EP3WP3EP2WP2EP1WP1*EP0WP0EN1WN1EN2WN2EN3WN3;DDRCCVIDRDDRCD
-14;DDRDDRDDRDDVCCV;EP3WP3EP2WP2EP1WP1*EP0WP0EN1WN1EN2WN2EN3WN3;CCVIDRDDRCDVCC
8;CCVCCVDDRDDRDDV;EP3WP3EP2WP2EP1WP1*EP0WP0EN1WN1EN2WN2EN3WN3;IDRDDRCDVCCVID
-18;IDRIDRCCVDDRDDR;EP3WP3EP2WP2EP1WP1*EP0WP0EN1WN1EN2WN2EN3WN3;DDRCDVCCVIDRDD
-32;DDRDDRIDRCCVDDR;EP3WP3EP2WP2EP1WP1*EP0WP0EN1WN1EN2WN2EN3WN3;CDVCCVIDRDDNCC
12;CCVCCVCDVDDRIDR;EP3WP3EP2WP2EP1WP1*EP0WP0EN1WN1EN2WN2EN3WN3;IDRDDNCCRDDNCC
-42;IDRIDRCCVCDVDDR;EP3WP3EP2WP2EP1WP1*EP0WP0EN1WN1EN2WN2EN3WN3;DDNCCRDDNCCVDC
-16;DDNDDNIDRCCVCDV;EP3WP3EP2WP2EP1WP1*EP0WP0EN1WN1EN2WN2EN3WN3;CCRDDNCCVDCRID
22;CCRCCRDDNIDRCCV;EP3WP3EP2WP2EP1WP1*EP0WP0EN1WN1EN2WN2EN3WN3;DDNCCVDCRIDRCC
-30;DDNDDNCCRDDNIDR;EP3WP3EP2WP2EP1WP1*EP0WP0EN1WN1EN2WN2EN3WN3;CCVDCRIDRCCVCC
-32;DCRDCRCCVDDNCCR;EP3WP3EP2WP2EP1WP1*EP0WP0EN1WN1EN2WN2EN3WN3;IDRCCVCCRCDVCC
-4;IDRIDRDCRCCVDDN;EP3WP3EP2WP2EP1WP1*EP0WP0EN1WN1EN2WN2EN3WN3;CCVCCRCDVCCRDD
108;CCVCCVIDRDCRCCV;EP3WP3EP2WP2EP1WP1*EP0WP0EN1WN1EN2WN2EN3WN3;CCRCDVCCRDDRCC
18;CCRCCRCCVIDRDCR;EP3WP3EP2WP2EP1WP1*EP0WP0EN1WN1EN2WN2EN3WN3;CDVCCRDDRCCVDD
14;CDVCDVCCRCCVIDR;EP3WP3EP2WP2EP1WP1*EP0WP0EN1WN1EN2WN2EN3WN3;CCRDDRCCVDDRDD
-4;DDRDDRCCRCDVCCR;EP3WP3EP2WP2EP1WP1*EP0WP0EN1WN1EN2WN2EN3WN3;CCVDDRDDRDDVDD
12;CCVCCVDDRCCRCDV;EP3WP3EP2WP2EP1WP1*EP0WP0EN1WN1EN2WN2EN3WN3;DDRDDRDDVDDRDD
-100;DDRDDRCCVDDRCCR;EP3WP3EP2WP2EP1WP1*EP0WP0EN1WN1EN2WN2EN3WN3;DDRDDVDDRDDVID
-48;DDRDDRDDRCCVDDR;EP3WP3EP2WP2EP1WP1*EP0WP0EN1WN1EN2WN2EN3WN3;DDVDDRDDVIDRCD
-12;DDVDDVDDRDDRCCV;EP3WP3EP2WP2EP1WP1*EP0WP0EN1WN1EN2WN2EN3WN3;DDRDDVIDRCDVIC
-20;DDVDDVDDRDDVDDR;EP3WP3EP2WP2EP1WP1*EP0WP0EN1WN1EN2WN2EN3WN3;IDRCDVICNDDRDD
-32;IDRIDRDDVDDRDDV;EP3WP3EP2WP2EP1WP1*EP0WP0EN1WN1EN2WN2EN3WN3;CDVICNDDRDDVCC
52;CDVCDVIDRDDVDDR;EP3WP3EP2WP2EP1WP1*EP0WP0EN1WN1EN2WN2EN3WN3;ICNDDRDDVCCRCD
34;ICNICNCDVIDRDDV;EP3WP3EP2WP2EP1WP1*EP0WP0EN1WN1EN2WN2EN3WN3;DDRDDVCCRCDRDD
-74;DDRDDRICNCDVIDR;EP3WP3EP2WP2EP1WP1*EP0WP0EN1WN1EN2WN2EN3WN3;DDVCCRCDRDDVDD
12;CCRCCRDDVDDRICN;EP3WP3EP2WP2EP1WP1*EP0WP0EN1WN1EN2WN2EN3WN3;CDRDDVDDRDDRDD
-34;CDRCDRCCRDDVDDR;EP3WP3EP2WP2EP1WP1*EP0WP0EN1WN1EN2WN2EN3WN3;DDVDDRDDRDDVID
-8;DDVDDVCDRCCRDDV;EP3WP3EP2WP2EP1WP1*EP0WP0EN1WN1EN2WN2EN3WN3;DDRDDRDDVIDRDD
-38;DDRDDRDDVCDRCCR;EP3WP3EP2WP2EP1WP1*EP0WP0EN1WN1EN2WN2EN3WN3;DDRDDVIDRDDRCI
-34;DDRDDRDDRDDVCDR;EP3WP3EP2WP2EP1WP1*EP0WP0EN1WN1EN2WN2EN3WN3;DDVIDRDDRCIVDC
-68;IDRIDRDDVDDRDDR;EP3WP3EP2WP2EP1WP1*EP0WP0EN1WN1EN2WN2EN3WN3;DDRCIVDCRDDRDD
-24;DDRDDRIDRDDVDDR;EP3WP3EP2WP2EP1WP1*EP0WP0EN1WN1EN2WN2EN3WN3;CIVDCRDDRDDRCD
16;CIVCIVDDRIDRDDV;EP3WP3EP2WP2EP1WP1*EP0WP0EN1WN1EN2WN2EN3WN3;DCRDDRDDRCDVCC
-16;DCRDCRCIVDDRIDR;EP3WP3EP2WP2EP1WP1*EP0WP0EN1WN1EN2WN2EN3WN3;DDRDDRCDVCCVCC
-54;DDRDDRDCRCIVDDR;EP3WP3EP2WP2EP1WP1*EP0WP0EN1WN1EN2WN2EN3WN3;DDRCDVCCVCCVCC
16;CDVCDVDDRDDRDCR;EP3WP3EP2WP2EP1WP1*EP0WP0EN1WN1EN2WN2EN3WN3;CCVCCVCCVIDRDD
62;CCVCCVCDVDDRDDR;EP3WP3EP2WP2EP1WP1*EP0WP0EN1WN1EN2WN2EN3WN3;CCVCCVIDRDDVCC
12;CCVCCVCCVCDVDDR;EP3WP3EP2WP2EP1WP1*EP0WP0EN1WN1EN2WN2EN3WN3;CCVIDRDDVCCNDD
48;CCVCCVCCVCCVCDV;EP3WP3EP2WP2EP1WP1*EP0WP0EN1WN1EN2WN2EN3WN3;IDRDDVCCNDDRCD
-48;IDRIDRCCVCCVCCV;EP3WP3EP2WP2EP1WP1*EP0WP0EN1WN1EN2WN2EN3WN3;DDVCCNDDRCDRDD
20;CCNCCNDDVIDRCCV;EP3WP3EP2WP2EP1WP1*EP0WP0EN1WN1EN2WN2EN3WN3;DDRCDRDDRCCVCC
12;DDRDDRCCNDDVIDR;EP3WP3EP2WP2EP1WP1*EP0WP0EN1WN1EN2WN2EN3WN3;CDRDDRCCVCCRDD
-58;CDRCDRDDRCCNDDV;EP3WP3EP2WP2EP1WP1*EP0WP0EN1WN1EN2WN2EN3WN3;DDRCCVCCRDDRDD
-96;DDRDDRCDRDDRCCN;EP3WP3EP2WP2EP1WP1*EP0WP0EN1WN1EN2WN2EN3WN3;CCVCCRDDRDDRDD
24;CCVCCVDDRCDRDDR;EP3WP3EP2WP2EP1WP1*EP0WP0EN1WN1EN2WN2EN3WN3;CCRDDRDDRDDRDD
-62;DDRDDRCCRCCVDDR;EP3WP3EP2WP2EP1WP1*EP0WP0EN1WN1EN2WN2EN3WN3;DDRDDRDDRDDRDD
-50;DDRDDRDDRCCRCCV;EP3WP3EP2WP2EP1WP1EP0WP0*EN1WN1EN2WN2EN3WN3;DDRDDRDDRDDRDD
-28;DDRDDRDDRDDRCCR;EP3WP3EP2WP2EP1WP1EP0WP0*EN1WN1EN2WN2EN3WN3;DDRDDRDDRDDRCI
-24;DDRDDRDDRDDRDDR;EP3WP3EP2WP2EP1WP1EP0WP0*EN1WN1EN2WN2EN3WN3;DDRDDRDDRCIVCC
-26;DDRDDRDDRDDRDDR;EP3WP3EP2WP2EP1WP1EP0WP0*EN1WN1EN2WN2EN3WN3;DDRDDRCIVCCVCC
-32;DDRDDRDDRDDRDDR;EP3WP3EP2WP2EP1WP1EP0WP0*EN1WN1EN2WN2EN3WN3;CIVCCVCCRDDVDD
4;CIVCIVDDRDDRDDR;EP3WP3EP2WP2EP1WP1EP0WP0*EN1WN1EN2WN2EN3WN3;CCVCCRDDVDDRDD
20;CCVCCVCIVDDRDDR;EP3WP3EP2WP2EP1WP1EP0WP0*EN1WN1EN2WN2EN3WN3;CCRDDVDDRDDRDD
-12;CCRCCRCCVCIVDDR;EP3WP3EP2WP2EP1WP1EP0WP0*EN1WN1EN2WN2EN3WN3;DDVDDRDDRDDRCC
-18;DDVDDVCCRCCVCIV;EP3WP3EP2WP2EP1WP1EP0WP0*EN1WN1EN2WN2EN3WN3;DDRDDRDDRCCVDD
-78;DDRDDRDDRDDVCCR;EP3WP3EP2WP2EP1WP1EP0WP0*EN1WN1EN2WN2EN3WN3;DDRCCVDDRIIRCD
-92;DDRDDRDDRDDRDDV;EP3WP3EP2WP2EP1WP1EP0WP0*EN1WN1EN2WN2EN3WN3;CCVDDRIIRCDRDD
40;CCVCCVDDRDDRDDR;EP3WP3EP2WP2EP1WP1EP0WP0*EN1WN1EN2WN2EN3WN3;DDRIIRCDRDDVII
-18;DDRDDRCCVDDRDDR;EP3WP3EP2WP2EP1WP1EP0WP0*EN1WN1EN2WN2EN3WN3;IIRCDRDDVIIRDD
-36;IIRIIRDDRCCVDDR;EP3WP3EP2WP2EP1WP1EP0WP0*EN1WN1EN2WN2EN3WN3;CDRDDVIIRDDVCC
-14;DDVDDVCDRIIRDDR;EP3WP3EP2WP2EP1WP1EP0WP0*EN1WN1EN2WN2EN3WN3;IIRDDVCCRDDRDD
-70;IIRIIRDDVCDRIIR;EP3WP3EP2WP2EP1WP1EP0WP0*EN1WN1EN2WN2EN3WN3;DDVCCRDDRDDVDD
-78;DDVDDVIIRDDVCDR;EP3WP3EP2WP2EP1WP1EP0WP0*EN1WN1EN2WN2EN3WN3;CCRDDRDDVDDVCC
-58;CCRCCRDDVIIRDDV;EP3WP3EP2WP2EP1WP1EP0WP0*EN1WN1EN2WN2EN3WN3;DDRDDVDDVCCRDD
-118;DDRDDRCCRDDVIIR;EP3WP3EP2WP2EP1WP1EP0WP0*EN1WN1EN2WN2EN3WN3;DDVDDVCCRDDRID
-2;DDVDDVDDVDDRCCR;EP3WP3EP2WP2EP1WP1EP0WP0*EN1WN1EN2WN2EN3WN3;CCRDDRIDVCCVCC
-10;CCRCCRDDVDDVDDR;EP3WP3EP2WP2EP1WP1EP0WP0*EN1WN1EN2WN2EN3WN3;DDRIDVCCVCCVDD
-118;DDRDDRCCRDDVDDV;EP3WP3EP2WP2EP1WP1EP0WP0*EN1WN1EN2WN2EN3WN3;IDVCCVCCVDDRDC
-6;IDVIDVDDRCCRDDV;EP3WP3EP2WP2EP1WP1EP0WP0*EN1WN1EN2WN2EN3WN3;CCVCCVDDRDCVDD
38;CCVCCVIDVDDRCCR;EP3WP3EP2WP2EP1WP1EP0WP0*EN1WN1EN2WN2EN3WN3;CCVDDRDCVDDRCD
-70;DDRDDRCCVCCVIDV;EP3WP3EP2WP2EP1WP1EP0WP0*EN1WN1EN2WN2EN3WN3;DCVDDRCDVCCVCC
-24;DCVDCVDDRCCVCCV;EP3WP3EP2WP2EP1WP1EP0WP0*EN1WN1EN2WN2EN3WN3;DDRCDVCCVCCVDC
-96;DDRDDRDCVDDRCCV;EP3WP3EP2WP2EP1WP1EP0WP0*EN1WN1EN2WN2EN3WN3;CDVCCVCCVDCRCI
42;CDVCDVDDRDCVDDR;EP3WP3EP2WP2EP1WP1EP0WP0*EN1WN1EN2WN2EN3WN3;CCVCCVDCRCIVCD
24;CCVCCVCDVDDRDCV;EP3WP3EP2WP2EP1WP1EP0WP0*EN1WN1EN2WN2EN3WN3;CCVDCRCIVCDRDC
-34;DCRDCRCCVCCVCDV;EP3WP3EP2WP2EP1WP1EP0WP0*EN1WN1EN2WN2EN3WN3;CIVCDRDCVDDRDD
8;CIVCIVDCRCCVCCV;EP3WP3EP2WP2EP1WP1EP0WP0*EN1WN1EN2WN2EN3WN3;CDRDCVDDRDDNCC
-8;CDRCDRCIVDCRCCV;EP3WP3EP2WP2EP1WP1EP0WP0*EN1WN1EN2WN2EN3WN3;DCVDDRDDNCCVCC
30;DCVDCVCDRCIVDCR;EP3WP3EP2WP2EP1WP1EP0WP0*EN1WN1EN2WN2EN3WN3;DDRDDNCCVCCVCC
-30;DDRDDRDCVCDRCIV;EP3WP3EP2WP2EP1WP1EP0WP0*EN1WN1EN2WN2EN3WN3;DDNCCVCCVCCVDC
74;CCVCCVDDNDDRDCV;EP3WP3EP2WP2EP1WP1EP0WP0*EN1WN1EN2WN2EN3WN3;CCVCCVDCRDDRCD
14;CCVCCVCCVDDNDDR;EP3WP3EP2WP2EP1WP1EP0WP0*EN1WN1EN2WN2EN3WN3;CCVDCRDDRCDVDC
50;CCVCCVCCVCCVDDN;EP3WP3EP2WP2EP1WP1EP0WP0*EN1WN1EN2WN2EN3WN3;DCRDDRCDVDCRDD
10;DCRDCRCCVCCVCCV;EP3WP3EP2WP2EP1WP1EP0WP0*EN1WN1EN2WN2EN3WN3;DDRCDVDCRDDVCI
-42;DDRDDRDCRCCVCCV;EP3WP3EP2WP2EP1WP1EP0WP0*EN1WN1EN2WN2EN3WN3;CDVDCRDDVCIVCD
4;DCRDCRCDVDDRDCR;EP3WP3EP2WP2EP1WP1EP0WP0*EN1WN1EN2WN2EN3WN3;DDVCIVCDNDCRCC
-8;DDVDDVDCRCDVDDR;EP3WP3EP2WP2EP1WP1EP0WP0*EN1WN1EN2WN2EN3WN3;CIVCDNDCRCCVCC
-2;CIVCIVDDVDCRCDV;EP3WP3EP2WP2EP1WP1EP0WP0*EN1WN1EN2WN2EN3WN3;CDNDCRCCVCCVCC
-4;CDNCDNCIVDDVDCR;EP3WP3EP2WP2EP1WP1EP0WP0*EN1WN1EN2WN2EN3WN3;DCRCCVCCVCCRDD
-8;DCRDCRCDNCIVDDV;EP3WP3EP2WP2EP1WP1EP0WP0*EN1WN1EN2WN2EN3WN3;CCVCCVCCRDDRCD
-14;CCVCCVCCVDCRCDN;EP3WP3EP2WP2EP1WP1EP0WP0*EN1WN1EN2WN2EN3WN3;CCRDDRCDRDDVID
-32;CCRCCRCCVCCVDCR;EP3WP3EP2WP2EP1WP1EP0WP0*EN1WN1EN2WN2EN3WN3;DDRCDRDDVIDRDD
-12;DDRDDRCCRCCVCCV;EP3WP3EP2WP2EP1WP1EP0WP0*EN1WN1EN2WN2EN3WN3;CDRDDVIDRDDVCC
-32;CDRCDRDDRCCRCCV;EP3WP3EP2WP2EP1WP1EP0WP0*EN1WN1EN2WN2EN3WN3;DDVIDRDDVCCVCC
26;DDVDDVCDRDDRCCR;EP3WP3EP2WP2EP1WP1EP0WP0*EN1WN1EN2WN2EN3WN3;IDRDDVCCVCCVCC
-12;DDVDDVIDRDDVCDR;EP3WP3EP2WP2EP1WP1EP0WP0*EN1WN1EN2WN2EN3WN3;CCVCCVCCVCDRDD
50;CCVCCVDDVIDRDDV;EP3WP3EP2WP2EP1WP1EP0WP0*EN1WN1EN2WN2EN3WN3;CCVCCVCDRDDRDD
10;CCVCCVCCVDDVIDR;EP3WP3EP2WP2EP1WP1EP0WP0*EN1WN1EN2WN2EN3WN3;CCVCDRDDRDDRCD
40;CCVCCVCCVCCVDDV;EP3WP3EP2WP2EP1WP1EP0WP0*EN1WN1EN2WN2EN3WN3;CDRDDRDDRCDVCC
-68;CDRCDRCCVCCVCCV;EP3WP3EP2WP2EP1WP1EP0WP0*EN1WN1EN2WN2EN3WN3;DDRDDRCDVCCVCC
-18;DDRDDRDDRCDRCCV;EP3WP3EP2WP2EP1WP1EP0WP0*EN1WN1EN2WN2EN3WN3;CDVCCVCCRCCRDD
28;CDVCDVDDRDDRCDR;EP3WP3EP2WP2EP1WP1EP0WP0*EN1WN1EN2WN2EN3WN3;CCVCCRCCRDDNID
18;CCVCCVCDVDDRDDR;EP3WP3EP2WP2EP1WP1EP0WP0*EN1WN1EN2WN2EN3WN3;CCRCCRDDNIDVDC
-10;CCRCCRCCVCDVDDR;EP3WP3EP2WP2EP1WP1EP0WP0*EN1WN1EN2WN2EN3WN3;CCRDDNIDVDCRDD
-14;CCRCCRCCRCCVCDV;EP3WP3EP2WP2EP1WP1EP0WP0*EN1WN1EN2WN2EN3WN3;DDNIDVDCRDDRDI
6;IDVIDVDDNCCRCCR;EP3WP3EP2WP2EP1WP1EP0WP0*EN1WN1EN2WN2EN3WN3;DCRDDRDIRDDRDD
-6;DCRDCRIDVDDNCCR;EP3WP3EP2WP2EP1WP1EP0WP0*EN1WN1EN2WN2EN3WN3;DDRDIRDDRDDRDD
-4;DDRDDRDCRIDVDDN;EP3WP3EP2WP2EP1WP1EP0WP0*EN1WN1EN2WN2EN3WN3;DIRDDRDDRDDRDD
-14;DIRDIRDDRDCRIDV;EP3WP3EP2WP2EP1WP1EP0WP0*EN1WN1EN2WN2EN3WN3;DDRDDRDDRDDRDD
-26;DDRDDRDIRDDRDCR;EP3WP3EP2WP2EP1WP1EP0WP0*EN1WN1EN2WN2EN3WN3;DDRDDRDDRDDRDD
-118;DDRDDRDDRDDRDIR;EP3WP3EP2WP2EP1WP1EP0WP0*EN1WN1EN2WN2EN3WN3;DDRDDRDDRDDRDD
-144;DDRDDRDDRDDRDDR;EP3WP3EP2WP2EP1WP1EP0WP0*EN1WN1EN2WN2EN3WN3;DDRDDRDDRDDRCD
-14;DDRDDRDDRDDRDDR;EP3WP3EP2WP2EP1WP1EP0WP0*EN1WN1EN2WN2EN3WN3;DDRDDRDDRCDRDD
-58;DDRDDRDDRDDRDDR;EP3WP3EP2WP2EP1WP1EP0WP0EN1WN1*EN2WN2EN3WN3;DDRDDRCDRDDRDD
-46;DDRDDRDDRDDRDDR;EP3WP3EP2WP2EP1WP1EP0WP0EN1WN1*EN2WN2EN3WN3;DDRCDRDDRDDRID
-2;CDRCDRDDRDDRDDR;EP3WP3EP2WP2EP1WP1EP0WP0EN1WN1*EN2WN2EN3WN3;DDRDDRIDVDCRDD
-80;DDRDDRCDRDDRDDR;EP3WP3EP2WP2EP1WP1EP0WP0EN1WN1*EN2WN2EN3WN3;DDRIDVDCRDDRDD
-50;DDRDDRDDRCDRDDR;EP3WP3EP2WP2EP1WP1EP0WP0EN1WN1*EN2WN2EN3WN3;IDVDCRDDRDDRDD
2;IDVIDVDDRDDRCDR;EP3WP3EP2WP2EP1WP1EP0WP0EN1WN1*EN2WN2EN3WN3;DCRDDRDDRDDVDD
-24;DCRDCRIDVDDRDDR;EP3WP3EP2WP2EP1WP1EP0WP0EN1WN1*EN2WN2EN3WN3;DDRDDRDDVDDRDD
-62;DDRDDRDDRDCRIDV;EP3WP3EP2WP2EP1WP1EP0WP0EN1WN1*EN2WN2EN3WN3;DDVDDRDDRCDVCC
22;DDVDDVDDRDDRDCR;EP3WP3EP2WP2EP1WP1EP0WP0EN1WN1*EN2WN2EN3WN3;DDRDDRCDVCCRCC
-54;DDRDDRDDVDDRDDR;EP3WP3EP2WP2EP1WP1EP0WP0EN1WN1*EN2WN2EN3WN3;DDRCDVCCRCCVID
-60;DDRDDRDDRDDVDDR;EP3WP3EP2WP2EP1WP1EP0WP0EN1WN1*EN2WN2EN3WN3;CDVCCRCCVIDRDD
4;CDVCDVDDRDDRDDV;EP3WP3EP2WP2EP1WP1EP0WP0EN1WN1*EN2WN2EN3WN3;CCRCCVIDRDDRID
-8;CCVCCVCCRCDVDDR;EP3WP3EP2WP2EP1WP1EP0WP0EN1WN1*EN2WN2EN3WN3;IDRDDRIDRDDRDD
-52;IDRIDRCCVCCRCDV;EP3WP3EP2WP2EP1WP1EP0WP0EN1WN1*EN2WN2EN3WN3;DDRIDRDDRDDRCD
-28;DDRDDRIDRCCVCCR;EP3WP3EP2WP2EP1WP1EP0WP0EN1WN1*EN2WN2EN3WN3;IDRDDRDDRCDVCC
-60;IDRIDRDDRIDRCCV;EP3WP3EP2WP2EP1WP1EP0WP0EN1WN1*EN2WN2EN3WN3;DDRDDRCDVCCVIC
-104;DDRDDRIDRDDRIDR;EP3WP3EP2WP2EP1WP1EP0WP0EN1WN1*EN2WN2EN3WN3;DDRCDVCCVICRCC
-14;CDVCDVDDRDDRIDR;EP3WP3EP2WP2EP1WP1EP0WP0EN1WN1*EN2WN2EN3WN3;CCVICRCCNCDVCC
26;CCVCCVCDVDDRDDR;EP3WP3EP2WP2EP1WP1EP0WP0EN1WN1*EN2WN2EN3WN3;ICRCCNCDVCCVID
-12;ICRICRCCVCDVDDR;EP3WP3EP2WP2EP1WP1EP0WP0EN1WN1*EN2WN2EN3WN3;CCNCDVCCVIDRCC
-22;CCNCCNICRCCVCDV;EP3WP3EP2WP2EP1WP1EP0WP0EN1WN1*EN2WN2EN3WN3;CDVCCVIDRCCVCC
28;CDVCDVCCNICRCCV;EP3WP3EP2WP2EP1WP1EP0WP0EN1WN1*EN2WN2EN3WN3;CCVIDRCCVCCVCC
-30;IDRIDRCCVCDVCCN;EP3WP3EP2WP2EP1WP1EP0WP0EN1WN1*EN2WN2EN3WN3;CCVCCVCCRDDVCC
54;CCVCCVIDRCCVCDV;EP3WP3EP2WP2EP1WP1EP0WP0EN1WN1*EN2WN2EN3WN3;CCVCCRDDVCCRCI
-20;CCVCCVCCVIDRCCV;EP3WP3EP2WP2EP1WP1EP0WP0EN1WN1*EN2WN2EN3WN3;CCRDDVCCRCIVCC
24;CCRCCRCCVCCVIDR;EP3WP3EP2WP2EP1WP1EP0WP0EN1WN1*EN2WN2EN3WN3;DDVCCRCIVCCVCC
32;DDVDDVCCRCCVCCV;EP3WP3EP2WP2EP1WP1EP0WP0EN1WN1*EN2WN2EN3WN3;CCRCIVCCVCCNDD
18;CIVCIVCCRDDVCCR;EP3WP3EP2WP2EP1WP1EP0WP0EN1WN1*EN2WN2EN3WN3;CCVCCNDDRCCVDD
48;CCVCCVCIVCCRDDV;EP3WP3EP2WP2EP1WP1EP0WP0EN1WN1*EN2WN2EN3WN3;CCNDDRCCVDDRDC
32;CCNCCNCCVCIVCCR;EP3WP3EP2WP2EP1WP1EP0WP0EN1WN1*EN2WN2EN3WN3;DDRCCVDDRDCRCC
-14;DDRDDRCCNCCVCIV;EP3WP3EP2WP2EP1WP1EP0WP0EN1WN1*EN2WN2EN3WN3;CCVDDRDCRCCVCC
20;CCVCCVDDRCCNCCV;EP3WP3EP2WP2EP1WP1EP0WP0EN1WN1*EN2WN2EN3WN3;DDRDCRCCVCCVCC
4;DCRDCRDDRCCVDDR;EP3WP3EP2WP2EP1WP1EP0WP0EN1WN1*EN2WN2EN3WN3;CCVCCVCCRDDVCC
76;CCVCCVDCRDDRCCV;EP3WP3EP2WP2EP1WP1EP0WP0*EN1WN1EN2WN2EN3WN3;CCVCCRDDVCCVDD
74;CCVCCVCCVDCRDDR;EP3WP3EP2WP2EP1WP1EP0WP0*EN1WN1EN2WN2EN3WN3;CCRDDVCCVDDRCD
8;CCRCCRCCVCCVDCR;EP3WP3EP2WP2EP1WP1EP0WP0*EN1WN1EN2WN2EN3WN3;DDVCCVDDRCDVDI
12;DDVDDVCCRCCVCCV;EP3WP3EP2WP2EP1WP1EP0WP0*EN1WN1EN2WN2EN3WN3;CCVDDRCDVDIVCC
26;DDRDDRCCVDDVCCR;EP3WP3EP2WP2EP1WP1EP0WP0*EN1WN1EN2WN2EN3WN3;CDVDIVCCVCCVCC
54;CDVCDVDDRCCVDDV;EP3WP3EP2WP2EP1WP1EP0WP0*EN1WN1EN2WN2EN3WN3;DIVCCVCCVCCVDI
10;DIVDIVCDVDDRCCV;EP3WP3EP2WP2EP1WP1EP0WP0*EN1WN1EN2WN2EN3WN3;CCVCCVCCVDIRCI
42;CCVCCVDIVCDVDDR;EP3WP3EP2WP2EP1WP1EP0WP0*EN1WN1EN2WN2EN3WN3;CCVCCVDIRCIVDD
96;CCVCCVCCVDIVCDV;EP3WP3EP2WP2EP1WP1EP0WP0*EN1WN1EN2WN2EN3WN3;CCVDIRCIVDDRDD
-18;DIRDIRCCVCCVCCV;EP3WP3EP2WP2EP1WP1EP0WP0*EN1WN1EN2WN2EN3WN3;CIVDDRDDNDDRDD
24;CIVCIVDIRCCVCCV;EP3WP3EP2WP2EP1WP1EP0WP0*EN1WN1EN2WN2EN3WN3;DDRDDNDDRDDVCD
-34;DDRDDRCIVDIRCCV;EP3WP3EP2WP2EP1WP1EP0WP0*EN1WN1EN2WN2EN3WN3;DDNDDRDDVCDRDD
4;DDNDDNDDRCIVDIR;EP3WP3EP2WP2EP1WP1EP0WP0*EN1WN1EN2WN2EN3WN3;DDRDDVCDRDDRCC
-40;DDRDDRDDNDDRCIV;EP3WP3EP2WP2EP1WP1EP0WP0*EN1WN1EN2WN2EN3WN3;DDVCDRDDRCCVCC
-84;CDRCDRDDVDDRDDN;EP3WP3EP2WP2EP1WP1EP0WP0*EN1WN1EN2WN2EN3WN3;DDRCCVCCVDDRIC
-4;DDRDDRCDRDDVDDR;EP3WP3EP2WP2EP1WP1EP0WP0*EN1WN1EN2WN2EN3WN3;CCVCCVDDRICNCC
28;CCVCCVDDRCDRDDV;EP3WP3EP2WP2EP1WP1EP0WP0*EN1WN1EN2WN2EN3WN3;CCVDDRICNCCVDC
38;CCVCCVCCVDDRCDR;EP3WP3EP2WP2EP1WP1EP0WP0*EN1WN1EN2WN2EN3WN3;DDRICNCCVDCVDD
10;DDRDDRCCVCCVDDR;EP3WP3EP2WP2EP1WP1EP0WP0*EN1WN1EN2WN2EN3WN3;ICNCCVDCVDDRCD
10;CCVCCVICNDDRCCV;EP3WP3EP2WP2EP1WP1EP0WP0*EN1WN1EN2WN2EN3WN3;DCVDDRCDRDDVCC
10;DCVDCVCCVICNDDR;EP3WP3EP2WP2EP1WP1EP0WP0*EN1WN1EN2WN2EN3WN3;DDRCDRDDVCCVCD
-12;DDRDDRDCVCCVICN;EP3WP3EP2WP2EP1WP1EP0WP0*EN1WN1EN2WN2EN3WN3;CDRDDVCCVCDVDC
0;CDRCDRDDRDCVCCV;EP3WP3EP2WP2EP1WP1EP0WP0*EN1WN1EN2WN2EN3WN3;DDVCCVCDVDCRCC
0;DDVDDVCDRDDRDCV;EP3WP3EP2WP2EP1WP1EP0WP0*EN1WN1EN2WN2EN3WN3;CCVCDVDCRCCRDD
8;CDVCDVCCVDDVCDR;EP3WP3EP2WP2EP1WP1EP0WP0*EN1WN1EN2WN2EN3WN3;DCRCCRDDRDDRDD
-24;DCRDCRCDVCCVDDV;EP3WP3EP2WP2EP1WP1EP0WP0*EN1WN1EN2WN2EN3WN3;CCRDDRDDRDDRDD
-24;CCRCCRDCRCDVCCV;EP3WP3EP2WP2EP1WP1EP0WP0*EN1WN1EN2WN2EN3WN3;DDRDDRDDRDDRDD
-18;DDRDDRCCRDCRCDV;EP3WP3EP2WP2EP1WP1EP0WP0*EN1WN1EN2WN2EN3WN3;DDRDDRDDRDDRDI
-40;DDRDDRDDRCCRDCR;EP3WP3EP2WP2EP1WP1EP0WP0*EN1WN1EN2WN2EN3WN3;DDRDDRDDRDIVCC
-6;DDRDDRDDRDDRDDR;EP3WP3EP2WP2EP1WP1EP0WP0*EN1WN1EN2WN2EN3WN3;DDRDIVCCRDDRDD
-56;DDRDDRDDRDDRDDR;EP3WP3EP2WP2EP1WP1EP0WP0EN1WN1*EN2WN2EN3WN3;DIVCCRDDRDDVCC
20;DIVDIVDDRDDRDDR;EP3WP3EP2WP2EP1WP1EP0WP0EN1WN1*EN2WN2EN3WN3;CCRDDRDDVCCVDC
-18;CCRCCRDIVDDRDDR;EP3WP3EP2WP2EP1WP1EP0WP0EN1WN1*EN2WN2EN3WN3;DDRDDVCCVDCRDD
-98;DDRDDRCCRDIVDDR;EP3WP3EP2WP2EP1WP1EP0WP0EN1WN1*EN2WN2EN3WN3;DDVCCVDCRDDVCC
56;CCVCCVDDVDDRCCR;EP3WP3EP2WP2EP1WP1EP0WP0EN1WN1*EN2WN2EN3WN3;DCRDDVCCVDDRDD
-28;DCRDCRCCVDDVDDR;EP3WP3EP2WP2EP1WP1EP0WP0EN1WN1*EN2WN2EN3WN3;DDVCCVDDRDDNDC
-44;DDVDDVDCRCCVDDV;EP3WP3EP2WP2EP1WP1EP0WP0EN1WN1*EN2WN2EN3WN3;CCVDDRDDNDCVCD
-2;CCVCCVDDVDCRCCV;EP3WP3EP2WP2EP1WP1EP0WP0EN1WN1*EN2WN2EN3WN3;DDRDDNDCVCDVCC
-2;DDRDDRCCVDDVDCR;EP3WP3EP2WP2EP1WP1EP0WP0EN1WN1*EN2WN2EN3WN3;DDNDCVCDVCCVCC
0;DCVDCVDDNDDRCCV;EP3WP3EP2WP2EP1WP1EP0WP0EN1WN1*EN2WN2EN3WN3;CDVCCVCCVCCVCD
64;CDVCDVDCVDDNDDR;EP3WP3EP2WP2EP1WP1EP0WP0*EN1WN1EN2WN2EN3WN3;CCVCCVCCVCDRID
24;CCVCCVCDVDCVDDN;EP3WP3EP2WP2EP1WP1EP0WP0*EN1WN1EN2WN2EN3WN3;CCVCCVCDRIDRCC
12;CCVCCVCCVCDVDCV;EP3WP3EP2WP2EP1WP1EP0WP0*EN1WN1EN2WN2EN3WN3;CCVCDRIDRCCVDC
32;CCVCCVCCVCCVCDV;EP3WP3EP2WP2EP1WP1EP0WP0*EN1WN1EN2WN2EN3WN3;CDRIDRCCVDCRDD
26;IDRIDRCDRCCVCCV;EP3WP3EP2WP2EP1WP1EP0WP0*EN1WN1EN2WN2EN3WN3;CCVDCRDDRDDRID
50;CCVCCVIDRCDRCCV;EP3WP3EP2WP2EP1WP1EP0WP0*EN1WN1EN2WN2EN3WN3;DCRDDRDDRIDVID
-32;DCRDCRCCVIDRCDR;EP3WP3EP2WP2EP1WP1EP0WP0*EN1WN1EN2WN2EN3WN3;DDRDDRIDVIDRDD
4;DDRDDRDCRCCVIDR;EP3WP3EP2WP2EP1WP1EP0WP0*EN1WN1EN2WN2EN3WN3;DDRIDVIDRDDVCD
-32;DDRDDRDDRDCRCCV;EP3WP3EP2WP2EP1WP1EP0WP0*EN1WN1EN2WN2EN3WN3;IDVIDRDDVCDRDD
-30;IDRIDRIDVDDRDDR;EP3WP3EP2WP2EP1WP1EP0WP0*EN1WN1EN2WN2EN3WN3;DDVCDRDDRDDRCI
30;DDVDDVIDRIDVDDR;EP3WP3EP2WP2EP1WP1EP0WP0*EN1WN1EN2WN2EN3WN3;CDRDDRDDRCIVCC
-38;CDRCDRDDVIDRIDV;EP3WP3EP2WP2EP1WP1EP0WP0*EN1WN1EN2WN2EN3WN3;DDRDDRCIVCCVDD
-4;DDRDDRCDRDDVIDR;EP3WP3EP2WP2EP1WP1EP0WP0EN1WN1*EN2WN2EN3WN3;DDRCIVCCVDDRDD
-26;DDRDDRDDRCDRDDV;EP3WP3EP2WP2EP1WP1EP0WP0EN1WN1*EN2WN2EN3WN3;CIVCCVDDRDDRDD
18;CCVCCVCIVDDRDDR;EP3WP3EP2WP2EP1WP1EP0WP0*EN1WN1EN2WN2EN3WN3;DDRDDRDDRDDRCD
-42;DDRDDRCCVCIVDDR;EP3WP3EP2WP2EP1WP1EP0WP0*EN1WN1EN2WN2EN3WN3;DDRDDRDDRCDVCC
2;DDRDDRDDRCCVCIV;EP3WP3EP2WP2EP1WP1EP0WP0EN1WN1*EN2WN2EN3WN3;DDRDDRCDVCCVCC
-52;DDRDDRDDRDDRCCV;EP3WP3EP2WP2EP1WP1EP0WP0EN1WN1*EN2WN2EN3WN3;DDRCDVCCVCCRCC
-38;DDRDDRDDRDDRDDR;EP3WP3EP2WP2EP1WP1EP0WP0EN1WN1*EN2WN2EN3WN3;CDVCCVCCRCCVCC
-20;CCVCCVCDVDDRDDR;EP3WP3EP2WP2EP1WP1EP0WP0EN1WN1*EN2WN2EN3WN3;CCRCCVCCVCCVID
-18;CCRCCRCCVCDVDDR;EP3WP3EP2WP2EP1WP1EP0WP0EN1WN1*EN2WN2EN3WN3;CCVCCVCCVIDRCD
26;CCVCCVCCRCCVCDV;EP3WP3EP2WP2EP1WP1EP0WP0*EN1WN1EN2WN2EN3WN3;CCVCCVIDRCDVCC
30;CCVCCVCCVCCRCCV;EP3WP3EP2WP2EP1WP1EP0WP0*EN1WN1EN2WN2EN3WN3;CCVIDRCDVCCVCD
36;CCVCCVCCVCCVCCR;EP3WP3EP2WP2EP1WP1EP0WP0*EN1WN1EN2WN2EN3WN3;IDRCDVCCVCDVCC
20;CDVCDVIDRCCVCCV;EP3WP3EP2WP2EP1WP1EP0WP0*EN1WN1EN2WN2EN3WN3;CCVCDVCCRCCVDD
30;CCVCCVCDVIDRCCV;EP3WP3EP2WP2EP1WP1EP0WP0*EN1WN1EN2WN2EN3WN3;CDVCCRCCVDDRCD
38;CDVCDVCCVCDVIDR;EP3WP3EP2WP2EP1WP1EP0WP0*EN1WN1EN2WN2EN3WN3;CCRCCVDDRCDVCC
-6;CCRCCRCDVCCVCDV;EP3WP3EP2WP2EP1WP1EP0WP0*EN1WN1EN2WN2EN3WN3;CCVDDRCDVCCNCC
14;CCVCCVCCRCDVCCV;EP3WP3EP2WP2EP1WP1EP0WP0*EN1WN1EN2WN2EN3WN3;DDRCDVCCNCCVCC
50;CDVCDVDDRCCVCCR;EP3WP3EP2WP2EP1WP1EP0WP0*EN1WN1EN2WN2EN3WN3;CCNCCVCCVDDRDD
42;CCNCCNCDVDDRCCV;EP3WP3EP2WP2EP1WP1EP0WP0*EN1WN1EN2WN2EN3WN3;CCVCCVDDRDDNCC
52;CCVCCVCCNCDVDDR;EP3WP3EP2WP2EP1WP1EP0WP0*EN1WN1EN2WN2EN3WN3;CCVDDRDDNCCVCC
46;CCVCCVCCVCCNCDV;EP3WP3EP2WP2EP1WP1EP0WP0*EN1WN1EN2WN2EN3WN3;DDRDDNCCVCCRCD
-4;DDRDDRCCVCCVCCN;EP3WP3EP2WP2EP1WP1EP0WP0*EN1WN1EN2WN2EN3WN3;DDNCCVCCRCDVCC
74;CCVCCVDDNDDRCCV;EP3WP3EP2WP2EP1WP1EP0WP0*EN1WN1EN2WN2EN3WN3;CCRCDVCCVCCVCC
4;CCRCCRCCVDDNDDR;EP3WP3EP2WP2EP1WP1EP0WP0*EN1WN1EN2WN2EN3WN3;CDVCCVCCVCCVCD
90;CDVCDVCCRCCVDDN;EP3WP3EP2WP2EP1WP1EP0WP0*EN1WN1EN2WN2EN3WN3;CCVCCVCCVCDRDD
82;CCVCCVCDVCCRCCV;EP3WP3EP2WP2EP1WP1EP0WP0*EN1WN1EN2WN2EN3WN3;CCVCCVCDRDDRDD
50;CCVCCVCCVCDVCCR;EP3WP3EP2WP2EP1WP1EP0WP0*EN1WN1EN2WN2EN3WN3;CCVCDRDDRDDRDD
16;CDRCDRCCVCCVCCV;EP3WP3EP2WP2EP1WP1EP0WP0*EN1WN1EN2WN2EN3WN3;DDRDDRDDRDCVDD
-30;DDRDDRCDRCCVCCV;EP3WP3EP2WP2EP1WP1EP0WP0*EN1WN1EN2WN2EN3WN3;DDRDDRDCVDDRDD
8;DDRDDRDDRCDRCCV;EP3WP3EP2WP2EP1WP1EP0WP0*EN1WN1EN2WN2EN3WN3;DDRDCVDDRDDRDD
-30;DDRDDRDDRDDRCDR;EP3WP3EP2WP2EP1WP1EP0WP0*EN1WN1EN2WN2EN3WN3;DCVDDRDDRDDRCC
-24;DCVDCVDDRDDRDDR;EP3WP3EP2WP2EP1WP1EP0WP0*EN1WN1EN2WN2EN3WN3;DDRDDRDDRCCVCC
-40;DDRDDRDDRDCVDDR;EP3WP3EP2WP2EP1WP1EP0WP0*EN1WN1EN2WN2EN3WN3;DDRCCVCCVDCRIC
24;DDRDDRDDRDDRDCV;EP3WP3EP2WP2EP1WP1EP0WP0*EN1WN1EN2WN2EN3WN3;CCVCCVDCRICRDD
10;CCVCCVDDRDDRDDR;EP3WP3EP2WP2EP1WP1EP0WP0*EN1WN1EN2WN2EN3WN3;CCVDCRICRDDRCC
54;CCVCCVCCVDDRDDR;EP3WP3EP2WP2EP1WP1EP0WP0*EN1WN1EN2WN2EN3WN3;DCRICRDDRCCVCC
-8;DCRDCRCCVCCVDDR;EP3WP3EP2WP2EP1WP1EP0WP0*EN1WN1EN2WN2EN3WN3;ICRDDRCCVCCRDD
-20;DDRDDRICRDCRCCV;EP3WP3EP2WP2EP1WP1EP0WP0*EN1WN1EN2WN2EN3WN3;CCVCCRDDRDDVCC
38;CCVCCVDDRICRDCR;EP3WP3EP2WP2EP1WP1EP0WP0*EN1WN1EN2WN2EN3WN3;CCRDDRDDVCCVDC
-28;CCRCCRCCVDDRICR;EP3WP3EP2WP2EP1WP1EP0WP0*EN1WN1EN2WN2EN3WN3;DDRDDVCCVDCRDD
-28;DDRDDRCCRCCVDDR;EP3WP3EP2WP2EP1WP1EP0WP0*EN1WN1EN2WN2EN3WN3;DDVCCVDCRDDRDC
-6;DDVDDVDDRCCRCCV;EP3WP3EP2WP2EP1WP1EP0WP0*EN1WN1EN2WN2EN3WN3;CCVDCRDDRDCRDD
6;DCRDCRCCVDDVDDR;EP3WP3EP2WP2EP1WP1EP0WP0*EN1WN1EN2WN2EN3WN3;DDRDCRDDVCCVCC
-30;DDRDDRDCRCCVDDV;EP3WP3EP2WP2EP1WP1EP0WP0*EN1WN1EN2WN2EN3WN3;DCRDDVCCVCCVCD
-34;DCRDCRDDRDCRCCV;EP3WP3EP2WP2EP1WP1EP0WP0*EN1WN1EN2WN2EN3WN3;DDVCCVCCVCDRDD
-2;DDVDDVDCRDDRDCR;EP3WP3EP2WP2EP1WP1EP0WP0*EN1WN1EN2WN2EN3WN3;CCVCCVCDRDDRDD
12;CCVCCVDDVDCRDDR;EP3WP3EP2WP2EP1WP1EP0WP0*EN1WN1EN2WN2EN3WN3;CCVCDRDDRDDRCC
-24;CDRCDRCCVCCVDDV;EP3WP3EP2WP2EP1WP1EP0WP0*EN1WN1EN2WN2EN3WN3;DDRDDRCCVICRDD
26;DDRDDRCDRCCVCCV;EP3WP3EP2WP2EP1WP1EP0WP0*EN1WN1EN2WN2EN3WN3;DDRCCVICRDDRDD
0;DDRDDRDDRCDRCCV;EP3WP3EP2WP2EP1WP1EP0WP0*EN1WN1EN2WN2EN3WN3;CCVICRDDRDDVCC
8;CCVCCVDDRDDRCDR;EP3WP3EP2WP2EP1WP1EP0WP0*EN1WN1EN2WN2EN3WN3;ICRDDRDDVCCVDD
-12;ICRICRCCVDDRDDR;EP3WP3EP2WP2EP1WP1EP0WP0*EN1WN1EN2WN2EN3WN3;DDRDDVCCVDDRCC
6;DDVDDVDDRICRCCV;EP3WP3EP2WP2EP1WP1EP0WP0*EN1WN1EN2WN2EN3WN3;CCVDDRCCVCCVCC
10;CCVCCVDDVDDRICR;EP3WP3EP2WP2EP1WP1EP0WP0*EN1WN1EN2WN2EN3WN3;DDRCCVCCVCCVCC
-14;DDRDDRCCVDDVDDR;EP3WP3EP2WP2EP1WP1EP0WP0*EN1WN1EN2WN2EN3WN3;CCVCCVCCVCCVCC
60;CCVCCVDDRCCVDDV;EP3WP3EP2WP2EP1WP1EP0WP0*EN1WN1EN2WN2EN3WN3;CCVCCVCCVCCRDD
10;CCVCCVCCVDDRCCV;EP3WP3EP2WP2EP1WP1EP0WP0*EN1WN1EN2WN2EN3WN3;CCVCCVCCRDDRDD
-14;CCVCCVCCVCCVCCV;EP3WP3EP2WP2EP1WP1*EP0WP0EN1WN1EN2WN2EN3WN3;CCRDDRDDVCCRCC
6;CCRCCRCCVCCVCCV;EP3WP3EP2WP2EP1WP1*EP0WP0EN1WN1EN2WN2EN3WN3;DDRDDVCCRCCVCC
-18;DDRDDRCCRCCVCCV;EP3WP3EP2WP2EP1WP1*EP0WP0EN1WN1EN2WN2EN3WN3;DDVCCRCCVCCRDC
14;DDVDDVDDRCCRCCV;EP3WP3EP2WP2EP1WP1*EP0WP0EN1WN1EN2WN2EN3WN3;CCRCCVCCRDCRDD
-26;CCRCCRDDVDDRCCR;EP3WP3EP2WP2EP1WP1*EP0WP0EN1WN1EN2WN2EN3WN3;CCVCCRDCRDDRCD
76;CCRCCRCCVCCRDDV;EP3WP3EP2WP2EP1WP1*EP0WP0EN1WN1EN2WN2EN3WN3;DCRDDRCDRDDNCD
-36;DCRDCRCCRCCVCCR;EP3WP3EP2WP2EP1WP1*EP0WP0EN1WN1EN2WN2EN3WN3;DDRCDRDDNCDRDD
-12;DDRDDRDCRCCRCCV;EP3WP3EP2WP2EP1WP1*EP0WP0EN1WN1EN2WN2EN3WN3;CDRDDNCDRDDVDD
-18;CDRCDRDDRDCRCCR;EP3WP3EP2WP2EP1WP1*EP0WP0EN1WN1EN2WN2EN3WN3;DDNCDRDDVDDRDD
10;DDNDDNCDRDDRDCR;EP3WP3EP2WP2EP1WP1EP0WP0*EN1WN1EN2WN2EN3WN3;CDRDDVDDRDDRCC
30;DDVDDVCDRDDNCDR;EP3WP3EP2WP2EP1WP1EP0WP0*EN1WN1EN2WN2EN3WN3;DDRDDRCCVCCVIC
-40;DDRDDRDDVCDRDDN;EP3WP3EP2WP2EP1WP1EP0WP0*EN1WN1EN2WN2EN3WN3;DDRCCVCCVICRCC
-12;DDRDDRDDRDDVCDR;EP3WP3EP2WP2EP1WP1EP0WP0*EN1WN1EN2WN2EN3WN3;CCVCCVICRCCVCC
34;CCVCCVDDRDDRDDV;EP3WP3EP2WP2EP1WP1EP0WP0*EN1WN1EN2WN2EN3WN3;CCVICRCCVCCRDD
-4;CCVCCVCCVDDRDDR;EP3WP3EP2WP2EP1WP1EP0WP0*EN1WN1EN2WN2EN3WN3;ICRCCVCCRDDRDD
12;CCVCCVICRCCVCCV;EP3WP3EP2WP2EP1WP1EP0WP0*EN1WN1EN2WN2EN3WN3;CCRDDRDDRDDRIC
22;CCRCCRCCVICRCCV;EP3WP3EP2WP2EP1WP1EP0WP0*EN1WN1EN2WN2EN3WN3;DDRDDRDDRICVCC
-10;DDRDDRCCRCCVICR;EP3WP3EP2WP2EP1WP1EP0WP0*EN1WN1EN2WN2EN3WN3;DDRDDRICVCCVDD
12;DDRDDRDDRCCRCCV;EP3WP3EP2WP2EP1WP1EP0WP0*EN1WN1EN2WN2EN3WN3;DDRICVCCVDDRCD
-2;DDRDDRDDRDDRCCR;EP3WP3EP2WP2EP1WP1EP0WP0*EN1WN1EN2WN2EN3WN3;ICVCCVDDRCDVCC
-46;CCVCCVICVDDRDDR;EP3WP3EP2WP2EP1WP1EP0WP0*EN1WN1EN2WN2EN3WN3;DDRCDVCCRDDRDD
-2;DDRDDRCCVICVDDR;EP3WP3EP2WP2EP1WP1EP0WP0*EN1WN1EN2WN2EN3WN3;CDVCCRDDRDDVDD
26;CDVCDVDDRCCVICV;EP3WP3EP2WP2EP1WP1EP0WP0*EN1WN1EN2WN2EN3WN3;CCRDDRDDVDDRCC
-6;CCRCCRCDVDDRCCV;EP3WP3EP2WP2EP1WP1EP0WP0*EN1WN1EN2WN2EN3WN3;DDRDDVDDRCCVCC
44;DDRDDRCCRCDVDDR;EP3WP3EP2WP2EP1WP1EP0WP0*EN1WN1EN2WN2EN3WN3;DDVDDRCCVCCVCC
-20;DDRDDRDDVDDRCCR;EP3WP3EP2WP2EP1WP1EP0WP0*EN1WN1EN2WN2EN3WN3;CCVCCVCCVCDRDD
22;CCVCCVDDRDDVDDR;EP3WP3EP2WP2EP1WP1EP0WP0*EN1WN1EN2WN2EN3WN3;CCVCCVCDRDDRCC
60;CCVCCVCCVDDRDDV;EP3WP3EP2WP2EP1WP1*EP0WP0EN1WN1EN2WN2EN3WN3;CCVCDRDDRCCVCD
44;CCVCCVCCVCCVDDR;EP3WP3EP2WP2EP1WP1*EP0WP0EN1WN1EN2WN2EN3WN3;CDRDDRCCVCDRDD
-44;CDRCDRCCVCCVCCV;EP3WP3EP2WP2EP1WP1*EP0WP0EN1WN1EN2WN2EN3WN3;DDRCCVCDRDDVIC
42;CCVCCVDDRCDRCCV;EP3WP3EP2WP2EP1WP1*EP0WP0EN1WN1EN2WN2EN3WN3;CDRDDVICRCCVCC
-60;CDRCDRCCVDDRCDR;EP3WP3EP2WP2EP1WP1*EP0WP0EN1WN1EN2WN2EN3WN3;DDVICRCCVCCRCD
50;DDVDDVCDRCCVDDR;EP3WP3EP2WP2EP1WP1*EP0WP0EN1WN1EN2WN2EN3WN3;ICRCCVCCRCDVCC
-26;ICRICRDDVCDRCCV;EP3WP3EP2WP2EP1WP1*EP0WP0EN1WN1EN2WN2EN3WN3;CCVCCRCDVCCVDD
4;CCVCCVICRDDVCDR;EP3WP3EP2WP2EP1WP1*EP0WP0EN1WN1EN2WN2EN3WN3;CCRCDVCCVDDRDD
60;CDVCDVCCRCCVICR;EP3WP3EP2WP2EP1WP1*EP0WP0EN1WN1EN2WN2EN3WN3;CCVDDRDDRDDVCC
54;CCVCCVCDVCCRCCV;EP3WP3EP2WP2EP1WP1*EP0WP0EN1WN1EN2WN2EN3WN3;DDRDDRDDVCCVCC
-2;DDRDDRCCVCDVCCR;EP3WP3EP2WP2EP1WP1*EP0WP0EN1WN1EN2WN2EN3WN3;DDRDDVCCVCCVCC
-36;DDRDDRDDRCCVCDV;EP3WP3EP2WP2EP1WP1*EP0WP0EN1WN1EN2WN2EN3WN3;DDVCCVCCVCCRID
-8;DDVDDVDDRDDRCCV;EP3WP3EP2WP2EP1WP1*EP0WP0EN1WN1EN2WN2EN3WN3;CCVCCVCCRIDRDD
20;CCVCCVCCVDDVDDR;EP3WP3EP2WP2EP1WP1*EP0WP0EN1WN1EN2WN2EN3WN3;CCRIDRDDNCCVCC
62;CCRCCRCCVCCVDDV;EP3WP3EP2WP2EP1WP1*EP0WP0EN1WN1EN2WN2EN3WN3;IDRDDNCCVCCVCC
-32;IDRIDRCCRCCVCCV;EP3WP3EP2WP2EP1WP1*EP0WP0EN1WN1EN2WN2EN3WN3;DDNCCVCCVCCVDD
12;DDNDDNIDRCCRCCV;EP3WP3EP2WP2EP1WP1*EP0WP0EN1WN1EN2WN2EN3WN3;CCVCCVCCVDDRDD
64;CCVCCVDDNIDRCCR;EP3WP3EP2WP2EP1WP1*EP0WP0EN1WN1EN2WN2EN3WN3;CCVCCVDDRDDVCD
8;CCVCCVCCVCCVDDN;EP3WP3EP2WP2EP1WP1*EP0WP0EN1WN1EN2WN2EN3WN3;DDRDDVCDRDDRCC
18;DDRDDRCCVCCVCCV;EP3WP3EP2WP2EP1WP1*EP0WP0EN1WN1EN2WN2EN3WN3;DDVCDRDDRCCVCC
8;DDVDDVDDRCCVCCV;EP3WP3EP2WP2EP1WP1*EP0WP0EN1WN1EN2WN2EN3WN3;CDRDDRCCVCCVCC
22;CDRCDRDDVDDRCCV;EP3WP3EP2WP2EP1WP1*EP0WP0EN1WN1EN2WN2EN3WN3;DDRCCVCCVCCVCC
-24;DDRDDRCDRDDVDDR;EP3WP3EP2WP2EP1WP1*EP0WP0EN1WN1EN2WN2EN3WN3;CCVCCVCCVCCVCC
48;CCVCCVCCVDDRCDR;EP3WP3EP2WP2EP1WP1*EP0WP0EN1WN1EN2WN2EN3WN3;CCVCCVCCRDDRCD
-4;CCVCCVCCVCCVDDR;EP3WP3EP2WP2EP1WP1*EP0WP0EN1WN1EN2WN2EN3WN3;CCVCCRDDRCDVCC
-14;CCVCCVCCVCCVCCV;EP3WP3EP2WP2EP1WP1*EP0WP0EN1WN1EN2WN2EN3WN3;CCRDDRCDVCCVCC
36;CCRCCRCCVCCVCCV;EP3WP3EP2WP2EP1WP1*EP0WP0EN1WN1EN2WN2EN3WN3;DDRCDVCCVCCRDD
0;DDRDDRCCRCCVCCV;EP3WP3EP2WP2EP1WP1*EP0WP0EN1WN1EN2WN2EN3WN3;CDVCCVCCRDDRCC
76;CCVCCVCDVDDRCCR;EP3WP3EP2WP2EP1WP1*EP0WP0EN1WN1EN2WN2EN3WN3;CCRDDRCCVCCVCC
-30;CCRCCRCCVCDVDDR;EP3WP3EP2WP2EP1WP1*EP0WP0EN1WN1EN2WN2EN3WN3;DDRCCVCCVCCVIC
-46;DDRDDRCCRCCVCDV;EP3WP3EP2WP2EP1WP1*EP0WP0EN1WN1EN2WN2EN3WN3;CCVCCVCCVICRCD
4;CCVCCVDDRCCRCCV;EP3WP3EP2WP2EP1WP1*EP0WP0EN1WN1EN2WN2EN3WN3;CCVCCVICRCDVCC
-34;CCVCCVCCVDDRCCR;EP3WP3EP2WP2EP1WP1*EP0WP0EN1WN1EN2WN2EN3WN3;CCVICRCDVCCVCC
38;ICRICRCCVCCVCCV;EP3WP3EP2WP2EP1WP1*EP0WP0EN1WN1EN2WN2EN3WN3;CDVCCVCCVCCVDD
18;CDVCDVICRCCVCCV;EP3WP3EP2WP2EP1WP1*EP0WP0EN1WN1EN2WN2EN3WN3;CCVCCVCCVDDRCI
-26;CCVCCVCDVICRCCV;EP3WP3EP2WP2EP1WP1*EP0WP0EN1WN1EN2WN2EN3WN3;CCVCCVDDRCIRDD
84;CCVCCVCCVCDVICR;EP3WP3EP2WP2EP1WP1*EP0WP0EN1WN1EN2WN2EN3WN3;CCVDDRCIRDDRDD
54;CCVCCVCCVCCVCDV;EP3WP3EP2WP2EP1WP1*EP0WP0EN1WN1EN2WN2EN3WN3;DDRCIRDDRDDVII
-10;CIRCIRDDRCCVCCV;EP3WP3EP2WP2EP1WP1*EP0WP0EN1WN1EN2WN2EN3WN3;DDRDDVIIRCDVCC
-4;DDRDDRCIRDDRCCV;EP3WP3EP2WP2EP1WP1*EP0WP0EN1WN1EN2WN2EN3WN3;DDVIIRCDVCCVCC
-58;DDVDDVDDRCIRDDR;EP3WP3EP2WP2EP1WP1*EP0WP0EN1WN1EN2WN2EN3WN3;IIRCDVCCVCCVCC
28;IIRIIRDDVDDRCIR;EP3WP3EP2WP2EP1WP1*EP0WP0EN1WN1EN2WN2EN3WN3;CDVCCVCCVCCVCC
26;CDVCDVIIRDDVDDR;EP3WP3EP2WP2EP1WP1*EP0WP0EN1WN1EN2WN2EN3WN3;CCVCCVCCVCCRDD
72;CCVCCVCCVCDVIIR;EP3WP3EP2WP2*EP1WP1EP0WP0EN1WN1EN2WN2EN3WN3;CCVCCRDDRCCVCC
54;CCVCCVCCVCCVCDV;EP3WP3EP2WP2*EP1WP1EP0WP0EN1WN1EN2WN2EN3WN3;CCRDDRCCVCCVCC
24;CCRCCRCCVCCVCCV;EP3WP3EP2WP2*EP1WP1EP0WP0EN1WN1EN2WN2EN3WN3;DDRCCVCCVCCVCC
-32;DDRDDRCCRCCVCCV;EP3WP3EP2WP2*EP1WP1EP0WP0EN1WN1EN2WN2EN3WN3;CCVCCVCCVCCVCD
64;CCVCCVDDRCCRCCV;EP3WP3EP2WP2*EP1WP1EP0WP0EN1WN1EN2WN2EN3WN3;CCVCCVCCVCDRDD
48;CCVCCVCCVCCVDDR;EP3WP3EP2WP2*EP1WP1EP0WP0EN1WN1EN2WN2EN3WN3;CCVCDRDDRCCNDD
2;CCVCCVCCVCCVCCV;EP3WP3EP2WP2*EP1WP1EP0WP0EN1WN1EN2WN2EN3WN3;CDRDDRCCNDDRCC
-6;CDRCDRCCVCCVCCV;EP3WP3EP2WP2*EP1WP1EP0WP0EN1WN1EN2WN2EN3WN3;DDRCCNDDRCCVCC
8;DDRDDRCDRCCVCCV;EP3WP3EP2WP2*EP1WP1EP0WP0EN1WN1EN2WN2EN3WN3;CCNDDRCCVCCVCD
-18;CCNCCNDDRCDRCCV;EP3WP3EP2WP2*EP1WP1EP0WP0EN1WN1EN2WN2EN3WN3;DDRCCVCCVCDRDD
60;CCVCCVDDRCCNDDR;EP3WP3EP2WP2*EP1WP1EP0WP0EN1WN1EN2WN2EN3WN3;CCVCDRDDRDDRCC
34;CCVCCVCCVDDRCCN;EP3WP3EP2WP2*EP1WP1EP0WP0EN1WN1EN2WN2EN3WN3;CDRDDRDDRCCVCC
-14;CDRCDRCCVCCVDDR;EP3WP3EP2WP2*EP1WP1EP0WP0EN1WN1EN2WN2EN3WN3;DDRDDRCCVCCRDD
-10;DDRDDRCDRCCVCCV;EP3WP3EP2WP2*EP1WP1EP0WP0EN1WN1EN2WN2EN3WN3;DDRCCVCCRDDRCC
-4;DDRDDRDDRCDRCCV;EP3WP3EP2WP2*EP1WP1EP0WP0EN1WN1EN2WN2EN3WN3;CCVCCRDDRCCVCC
6;CCRCCRCCVDDRDDR;EP3WP3EP2WP2*EP1WP1EP0WP0EN1WN1EN2WN2EN3WN3;DDRCCVCCVICRCC
-6;DDRDDRCCRCCVDDR;EP3WP3EP2WP2*EP1WP1EP0WP0EN1WN1EN2WN2EN3WN3;CCVCCVICRCCVCC
12;CCVCCVDDRCCRCCV;EP3WP3EP2WP2*EP1WP1EP0WP0EN1WN1EN2WN2EN3WN3;CCVICRCCVCCRDD
56;CCVCCVCCVDDRCCR;EP3WP3EP2WP2*EP1WP1EP0WP0EN1WN1EN2WN2EN3WN3;ICRCCVCCRDDRCD
-18;ICRICRCCVCCVDDR;EP3WP3EP2WP2*EP1WP1EP0WP0EN1WN1EN2WN2EN3WN3;CCVCCRDDRCDVCC
28;CCRCCRCCVICRCCV;EP3WP3EP2WP2*EP1WP1EP0WP0EN1WN1EN2WN2EN3WN3;DDRCDVCCVDCRDD
12;DDRDDRCCRCCVICR;EP3WP3EP2WP2*EP1WP1EP0WP0EN1WN1EN2WN2EN3WN3;CDVCCVDCRDDVDD
96;CDVCDVDDRCCRCCV;EP3WP3EP2WP2*EP1WP1EP0WP0EN1WN1EN2WN2EN3WN3;CCVDCRDDVDDRDD
0;CCVCCVCDVDDRCCR;EP3WP3EP2WP2*EP1WP1EP0WP0EN1WN1EN2WN2EN3WN3;DCRDDVDDRDDRDD
-82;DCRDCRCCVCDVDDR;EP3WP3EP2WP2*EP1WP1EP0WP0EN1WN1EN2WN2EN3WN3;DDVDDRDDRDDRDD
0;DDRDDRDDVDCRCCV;EP3WP3EP2WP2*EP1WP1EP0WP0EN1WN1EN2WN2EN3WN3;DDRDDRDDVDDRDC
-16;DDRDDRDDRDDVDCR;EP3WP3EP2WP2*EP1WP1EP0WP0EN1WN1EN2WN2EN3WN3;DDRDDVDDRDCVCC
-58;DDRDDRDDRDDRDDV;EP3WP3EP2WP2*EP1WP1EP0WP0EN1WN1EN2WN2EN3WN3;DDVDDRDCVCCVDC
-4;DDVDDVDDRDDRDDR;EP3WP3EP2WP2*EP1WP1EP0WP0EN1WN1EN2WN2EN3WN3;DDRDCVCCVDCRCD
-46;DDRDDRDDVDDRDDR;EP3WP3EP2WP2*EP1WP1EP0WP0EN1WN1EN2WN2EN3WN3;DCVCCVDCRCDVCC
24;CCVCCVDCVDDRDDV;EP3WP3EP2WP2*EP1WP1EP0WP0EN1WN1EN2WN2EN3WN3;DCRCDVCCVCCVDD
6;DCRDCRCCVDCVDDR;EP3WP3EP2WP2*EP1WP1EP0WP0EN1WN1EN2WN2EN3WN3;CDVCCVCCVDDRDD
-6;CDVCDVDCRCCVDCV;EP3WP3EP2WP2*EP1WP1EP0WP0EN1WN1EN2WN2EN3WN3;CCVCCVDDRDDVCC
56;CCVCCVCDVDCRCCV;EP3WP3EP2WP2*EP1WP1EP0WP0EN1WN1EN2WN2EN3WN3;CCVDDRDDVCCNDD
44;CCVCCVCCVCDVDCR;EP3WP3EP2WP2*EP1WP1EP0WP0EN1WN1EN2WN2EN3WN3;DDRDDVCCNDDRDD
-4;DDVDDVDDRCCVCCV;EP3WP3EP2WP2*EP1WP1EP0WP0EN1WN1EN2WN2EN3WN3;CCNDDRDDRDDVCI
-28;CCNCCNDDVDDRCCV;EP3WP3EP2WP2*EP1WP1EP0WP0EN1WN1EN2WN2EN3WN3;DDRDDRDDVCIRIC
-16;DDRDDRCCNDDVDDR;EP3WP3EP2WP2*EP1WP1EP0WP0EN1WN1EN2WN2EN3WN3;DDRDDVCIRICVDD
-30;DDRDDRDDRCCNDDV;EP3WP3EP2WP2*EP1WP1EP0WP0EN1WN1EN2WN2EN3WN3;DDVCIRICVDDRCD
38;DDVDDVDDRDDRCCN;EP3WP3EP2WP2*EP1WP1EP0WP0EN1WN1EN2WN2EN3WN3;CIRICVDDRCDVCC
-12;ICVICVCIRDDVDDR;EP3WP3EP2WP2*EP1WP1EP0WP0EN1WN1EN2WN2EN3WN3;DDRCDVCCRCCVDC
-50;DDRDDRICVCIRDDV;EP3WP3EP2WP2*EP1WP1EP0WP0EN1WN1EN2WN2EN3WN3;CDVCCRCCVDCVCC
10;CDVCDVDDRICVCIR;EP3WP3EP2WP2*EP1WP1EP0WP0EN1WN1EN2WN2EN3WN3;CCRCCVDCVCCRCD
6;CCRCCRCDVDDRICV;EP3WP3EP2WP2*EP1WP1EP0WP0EN1WN1EN2WN2EN3WN3;CCVDCVCCRCDVCC
68;CCVCCVCCRCDVDDR;EP3WP3EP2WP2*EP1WP1EP0WP0EN1WN1EN2WN2EN3WN3;DCVCCRCDVCCVDD
2;CCRCCRDCVCCVCCR;EP3WP3EP2WP2*EP1WP1EP0WP0EN1WN1EN2WN2EN3WN3;CDVCCVDDRDDVCC
10;CDVCDVCCRDCVCCV;EP3WP3EP2WP2*EP1WP1EP0WP0EN1WN1EN2WN2EN3WN3;CCVDDRDDVCCRID
58;CCVCCVCDVCCRDCV;EP3WP3EP2WP2*EP1WP1EP0WP0EN1WN1EN2WN2EN3WN3;DDRDDVCCRIDRDD
-30;DDRDDRCCVCDVCCR;EP3WP3EP2WP2*EP1WP1EP0WP0EN1WN1EN2WN2EN3WN3;DDVCCRIDRDDRCD
-6;DDVDDVDDRCCVCDV;EP3WP3EP2WP2*EP1WP1EP0WP0EN1WN1EN2WN2EN3WN3;CCRIDRDDRCDVDC
34;IDRIDRCCRDDVDDR;EP3WP3EP2WP2*EP1WP1EP0WP0EN1WN1EN2WN2EN3WN3;DDRCDVDCRDDNCI
-10;DDRDDRIDRCCRDDV;EP3WP3EP2WP2*EP1WP1EP0WP0EN1WN1EN2WN2EN3WN3;CDVDCRDDNCIVCC
6;CDVCDVDDRIDRCCR;EP3WP3EP2WP2*EP1WP1EP0WP0EN1WN1EN2WN2EN3WN3;DCRDDNCIVCCVDC
-6;DCRDCRCDVDDRIDR;EP3WP3EP2WP2*EP1WP1EP0WP0EN1WN1EN2WN2EN3WN3;DDNCIVCCVDCRCD
-22;DDNDDNDCRCDVDDR;EP3WP3EP2WP2*EP1WP1EP0WP0EN1WN1EN2WN2EN3WN3;CIVCCVDCRCDRDD
56;CCVCCVCIVDDNDCR;EP3WP3EP2WP2*EP1WP1EP0WP0EN1WN1EN2WN2EN3WN3;DCRCDRDDRDDRCC
28;DCRDCRCCVCIVDDN;EP3WP3EP2WP2*EP1WP1EP0WP0EN1WN1EN2WN2EN3WN3;CDRDDRDDRCCVDD
-12;CDRCDRDCRCCVCIV;EP3WP3EP2WP2*EP1WP1EP0WP0EN1WN1EN2WN2EN3WN3;DDRDDRCCVDDRCI
-76;DDRDDRCDRDCRCCV;EP3WP3EP2WP2EP1WP1*EP0WP0EN1WN1EN2WN2EN3WN3;DDRCCVDDRCIVCC
-68;DDRDDRDDRCDRDCR;EP3WP3EP2WP2EP1WP1*EP0WP0EN1WN1EN2WN2EN3WN3;CCVDDRCIVCCRDD
-18;DDRDDRCCVDDRDDR;EP3WP3EP2WP2EP1WP1*EP0WP0EN1WN1EN2WN2EN3WN3;CIVCCRDDRDDRCC
34;CIVCIVDDRCCVDDR;EP3WP3EP2WP2EP1WP1*EP0WP0EN1WN1EN2WN2EN3WN3;CCRDDRDDRCCVDD
-44;CCRCCRCIVDDRCCV;EP3WP3EP2WP2EP1WP1*EP0WP0EN1WN1EN2WN2EN3WN3;DDRDDRCCVDDRDD
-54;DDRDDRCCRCIVDDR;EP3WP3EP2WP2EP1WP1*EP0WP0EN1WN1EN2WN2EN3WN3;DDRCCVDDRDDRDI
-50;DDRDDRDDRCCRCIV;EP3WP3EP2WP2EP1WP1*EP0WP0EN1WN1EN2WN2EN3WN3;CCVDDRDDRDIRCD
-98;DDRDDRCCVDDRDDR;EP3WP3EP2WP2EP1WP1*EP0WP0EN1WN1EN2WN2EN3WN3;DDRDIRCDVCCRDD
-38;DDRDDRDDRCCVDDR;EP3WP3EP2WP2EP1WP1*EP0WP0EN1WN1EN2WN2EN3WN3;DIRCDVCCRDDNCI
22;DIRDIRDDRDDRCCV;EP3WP3EP2WP2EP1WP1*EP0WP0EN1WN1EN2WN2EN3WN3;CDVCCRDDNCIRCC
68;CDVCDVDIRDDRDDR;EP3WP3EP2WP2EP1WP1*EP0WP0EN1WN1EN2WN2EN3WN3;CCRDDNCIRCCVCC
6;CCRCCRCDVDIRDDR;EP3WP3EP2WP2EP1WP1*EP0WP0EN1WN1EN2WN2EN3WN3;DDNCIRCCVCCVCC
2;CIRCIRDDNCCRCDV;EP3WP3EP2WP2EP1WP1*EP0WP0EN1WN1EN2WN2EN3WN3;CCVCCVCCVCDVCC
70;CCVCCVCIRDDNCCR;EP3WP3EP2WP2EP1WP1*EP0WP0EN1WN1EN2WN2EN3WN3;CCVCCVCDVCCRDD
18;CCVCCVCCVCIRDDN;EP3WP3EP2WP2EP1WP1*EP0WP0EN1WN1EN2WN2EN3WN3;CCVCDVCCRDDRDD
42;CCVCCVCCVCCVCIR;EP3WP3EP2WP2EP1WP1*EP0WP0EN1WN1EN2WN2EN3WN3;CDVCCRDDRDDVCC
32;CDVCDVCCVCCVCCV;EP3WP3EP2WP2EP1WP1*EP0WP0EN1WN1EN2WN2EN3WN3;CCRDDRDDVCCVCC
-4;DDRDDRCCRCDVCCV;EP3WP3EP2WP2EP1WP1*EP0WP0EN1WN1EN2WN2EN3WN3;DDVCCVCCNCCVIC
32;DDVDDVDDRCCRCDV;EP3WP3EP2WP2EP1WP1*EP0WP0EN1WN1EN2WN2EN3WN3;CCVCCNCCVICRDD
28;CCVCCVDDVDDRCCR;EP3WP3EP2WP2*EP1WP1EP0WP0EN1WN1EN2WN2EN3WN3;CCNCCVICRDDRCC
22;CCNCCNCCVDDVDDR;EP3WP3EP2WP2*EP1WP1EP0WP0EN1WN1EN2WN2EN3WN3;CCVICRDDRCCVDD
54;CCVCCVCCNCCVDDV;EP3WP3EP2WP2*EP1WP1EP0WP0EN1WN1EN2WN2EN3WN3;ICRDDRCCVDDVIC
-8;DDRDDRICRCCVCCN;EP3WP3EP2WP2*EP1WP1EP0WP0EN1WN1EN2WN2EN3WN3;CCVDDVICRDDRDD
54;CCVCCVDDRICRCCV;EP3WP3EP2WP2*EP1WP1EP0WP0EN1WN1EN2WN2EN3WN3;DDVICRDDRDDRCD
-10;DDVDDVCCVDDRICR;EP3WP3EP2WP2*EP1WP1EP0WP0EN1WN1EN2WN2EN3WN3;ICRDDRDDRCDNCC
-4;ICRICRDDVCCVDDR;EP3WP3EP2WP2*EP1WP1EP0WP0EN1WN1EN2WN2EN3WN3;DDRDDRCDNCCVDC
-14;DDRDDRICRDDVCCV;EP3WP3EP2WP2*EP1WP1EP0WP0EN1WN1EN2WN2EN3WN3;DDRCDNCCVDCVCD
36;CDNCDNDDRDDRICR;EP3WP3EP2WP2*EP1WP1EP0WP0EN1WN1EN2WN2EN3WN3;CCVDCVCDRDDRII
16;CCVCCVCDNDDRDDR;EP3WP3EP2WP2*EP1WP1EP0WP0EN1WN1EN2WN2EN3WN3;DCVCDRDDRIIVCC
28;DCVDCVCCVCDNDDR;EP3WP3EP2WP2*EP1WP1EP0WP0EN1WN1EN2WN2EN3WN3;CDRDDRIIVCCVCC
4;CDRCDRDCVCCVCDN;EP3WP3EP2WP2*EP1WP1EP0WP0EN1WN1EN2WN2EN3WN3;DDRIIVCCVCCRDD
-12;DDRDDRCDRDCVCCV;EP3WP3EP2WP2*EP1WP1EP0WP0EN1WN1EN2WN2EN3WN3;IIVCCVCCRDDRCD
34;CCVCCVIIVDDRCDR;EP3WP3EP2WP2*EP1WP1EP0WP0EN1WN1EN2WN2EN3WN3;CCRDDRCDNCCVCD
-14;CCRCCRCCVIIVDDR;EP3WP3EP2WP2*EP1WP1EP0WP0EN1WN1EN2WN2EN3WN3;DDRCDNCCVCDRDD
-14;DDRDDRCCRCCVIIV;EP3WP3EP2WP2*EP1WP1EP0WP0EN1WN1EN2WN2EN3WN3;CDNCCVCDRDDRDD
-12;CDNCDNDDRCCRCCV;EP3WP3EP2WP2*EP1WP1EP0WP0EN1WN1EN2WN2EN3WN3;CCVCDRDDRDDRDD
26;CCVCCVCDNDDRCCR;EP3WP3EP2WP2*EP1WP1EP0WP0EN1WN1EN2WN2EN3WN3;CDRDDRDDRDDRDD
-28;DDRDDRCDRCCVCDN;EP3WP3EP2WP2*EP1WP1EP0WP0EN1WN1EN2WN2EN3WN3;DDRDDRDDRDDRDD
-28;DDRDDRDDRCDRCCV;EP3WP3EP2WP2*EP1WP1EP0WP0EN1WN1EN2WN2EN3WN3;DDRDDRDDRDDRDD
-40;DDRDDRDDRDDRCDR;EP3WP3EP2WP2EP1WP1*EP0WP0EN1WN1EN2WN2EN3WN3;DDRDDRDDRDDVCC
2;DDRDDRDDRDDRDDR;EP3WP3EP2WP2EP1WP1*EP0WP0EN1WN1EN2WN2EN3WN3;DDRDDRDDVCCVDD
-52;DDRDDRDDRDDRDDR;EP3WP3EP2WP2EP1WP1*EP0WP0EN1WN1EN2WN2EN3WN3;DDRDDVCCVDDRDD
26;DDVDDVDDRDDRDDR;EP3WP3EP2WP2EP1WP1*EP0WP0EN1WN1EN2WN2EN3WN3;CCVDDRDDRDDRIC
54;CCVCCVDDVDDRDDR;EP3WP3EP2WP2EP1WP1*EP0WP0EN1WN1EN2WN2EN3WN3;DDRDDRDDRICNDD
-22;DDRDDRCCVDDVDDR;EP3WP3EP2WP2EP1WP1*EP0WP0EN1WN1EN2WN2EN3WN3;DDRDDRICNDDVCC
10;DDRDDRDDRCCVDDV;EP3WP3EP2WP2EP1WP1*EP0WP0EN1WN1EN2WN2EN3WN3;DDRICNDDVCCVDI
-14;DDRDDRDDRDDRCCV;EP3WP3EP2WP2EP1WP1*EP0WP0EN1WN1EN2WN2EN3WN3;ICNDDVCCVDIRCC
-18;DDVDDVICNDDRDDR;EP3WP3EP2WP2EP1WP1*EP0WP0EN1WN1EN2WN2EN3WN3;CCVDIRCCRCCVCC
32;CCVCCVDDVICNDDR;EP3WP3EP2WP2EP1WP1*EP0WP0EN1WN1EN2WN2EN3WN3;DIRCCRCCVCCRDD
-18;DIRDIRCCVDDVICN;EP3WP3EP2WP2EP1WP1*EP0WP0EN1WN1EN2WN2EN3WN3;CCRCCVCCRDDRDD
16;CCRCCRDIRCCVDDV;EP3WP3EP2WP2EP1WP1*EP0WP0EN1WN1EN2WN2EN3WN3;CCVCCRDDRDDRCC
66;CCVCCVCCRDIRCCV;EP3WP3EP2WP2EP1WP1*EP0WP0EN1WN1EN2WN2EN3WN3;CCRDDRDDRCCVDD
-50;DDRDDRCCRCCVCCR;EP3WP3EP2WP2EP1WP1*EP0WP0EN1WN1EN2WN2EN3WN3;DDRCCVDDRDIVDD
-44;DDRDDRDDRCCRCCV;EP3WP3EP2WP2EP1WP1*EP0WP0EN1WN1EN2WN2EN3WN3;CCVDDRDIVDDRDD
0;CCVCCVDDRDDRCCR;EP3WP3EP2WP2EP1WP1*EP0WP0EN1WN1EN2WN2EN3WN3;DDRDIVDDRDDVCC
0;DDRDDRCCVDDRDDR;EP3WP3EP2WP2EP1WP1*EP0WP0EN1WN1EN2WN2EN3WN3;DIVDDRDDVCCVCD
-4;DIVDIVDDRCCVDDR;EP3WP3EP2WP2EP1WP1*EP0WP0EN1WN1EN2WN2EN3WN3;DDRDDVCCVCDRDD
-18;DDVDDVDDRDIVDDR;EP3WP3EP2WP2EP1WP1*EP0WP0EN1WN1EN2WN2EN3WN3;CCVCDRDDRDDRCI
10;CCVCCVDDVDDRDIV;EP3WP3EP2WP2EP1WP1*EP0WP0EN1WN1EN2WN2EN3WN3;CDRDDRDDRCIVCC
-48;CDRCDRCCVDDVDDR;EP3WP3EP2WP2EP1WP1*EP0WP0EN1WN1EN2WN2EN3WN3;DDRDDRCIVCCVCC
-18;DDRDDRCDRCCVDDV;EP3WP3EP2WP2EP1WP1*EP0WP0EN1WN1EN2WN2EN3WN3;DDRCIVCCVCCVIC
-22;DDRDDRDDRCDRCCV;EP3WP3EP2WP2EP1WP1*EP0WP0EN1WN1EN2WN2EN3WN3;CIVCCVCCVICRCC
46;CCVCCVCIVDDRDDR;EP3WP3EP2WP2EP1WP1*EP0WP0EN1WN1EN2WN2EN3WN3;CCVICRCCVCCRCD
18;CCVCCVCCVCIVDDR;EP3WP3EP2WP2EP1WP1*EP0WP0EN1WN1EN2WN2EN3WN3;ICRCCVCCRCDVCC
-16;ICRICRCCVCCVCIV;EP3WP3EP2WP2EP1WP1*EP0WP0EN1WN1EN2WN2EN3WN3;CCVCCRCDVCCVCC
46;CCVCCVICRCCVCCV;EP3WP3EP2WP2EP1WP1*EP0WP0EN1WN1EN2WN2EN3WN3;CCRCDVCCVCCVCD
-4;CCRCCRCCVICRCCV;EP3WP3EP2WP2EP1WP1*EP0WP0EN1WN1EN2WN2EN3WN3;CDVCCVCCVCDVDC
52;CCVCCVCDVCCRCCV;EP3WP3EP2WP2EP1WP1*EP0WP0EN1WN1EN2WN2EN3WN3;CCVCDVDCRDDRDD
6;CCVCCVCCVCDVCCR;EP3WP3EP2WP2EP1WP1*EP0WP0EN1WN1EN2WN2EN3WN3;CDVDCRDDRDDRDD
-16;CDVCDVCCVCCVCDV;EP3WP3EP2WP2*EP1WP1EP0WP0EN1WN1EN2WN2EN3WN3;DCRDDRDDRDDRDD
-58;DCRDCRCDVCCVCCV;EP3WP3EP2WP2*EP1WP1EP0WP0EN1WN1EN2WN2EN3WN3;DDRDDRDDRDDVCC
2;DDRDDRDCRCDVCCV;EP3WP3EP2WP2EP1WP1*EP0WP0EN1WN1EN2WN2EN3WN3;DDRDDRDDVCCVDD
-22;DDRDDRDDRDDRDCR;EP3WP3EP2WP2EP1WP1*EP0WP0EN1WN1EN2WN2EN3WN3;DDVCCVDDRDDNDD
-8;DDVDDVDDRDDRDDR;EP3WP3EP2WP2EP1WP1*EP0WP0EN1WN1EN2WN2EN3WN3;CCVDDRDDNDDVDD
42;CCVCCVDDVDDRDDR;EP3WP3EP2WP2EP1WP1*EP0WP0EN1WN1EN2WN2EN3WN3;DDRDDNDDVDDRDD
-58;DDRDDRCCVDDVDDR;EP3WP3EP2WP2EP1WP1*EP0WP0EN1WN1EN2WN2EN3WN3;DDNDDVDDRDDRCD
-26;DDNDDNDDRCCVDDV;EP3WP3EP2WP2EP1WP1*EP0WP0EN1WN1EN2WN2EN3WN3;DDVDDRDDRCDVDI
-16;DDRDDRDDVDDNDDR;EP3WP3EP2WP2EP1WP1*EP0WP0EN1WN1EN2WN2EN3WN3;DDRCDVDIRDDRCC
-64;DDRDDRDDRDDVDDN;EP3WP3EP2WP2EP1WP1*EP0WP0EN1WN1EN2WN2EN3WN3;CDVDIRDDRCCVCC
22;CDVCDVDDRDDRDDV;EP3WP3EP2WP2EP1WP1*EP0WP0EN1WN1EN2WN2EN3WN3;DIRDDRCCVCCVIC
-18;DIRDIRCDVDDRDDR;EP3WP3EP2WP2EP1WP1*EP0WP0EN1WN1EN2WN2EN3WN3;DDRCCVCCVICNDD
-76;DDRDDRDIRCDVDDR;EP3WP3EP2WP2EP1WP1*EP0WP0EN1WN1EN2WN2EN3WN3;CCVCCVICNDDRDD
18;CCVCCVCCVDDRDIR;EP3WP3EP2WP2EP1WP1*EP0WP0EN1WN1EN2WN2EN3WN3;ICNDDRDDRDDRCC
-2;ICNICNCCVCCVDDR;EP3WP3EP2WP2EP1WP1*EP0WP0EN1WN1EN2WN2EN3WN3;DDRDDRDDRCCVDC
-16;DDRDDRICNCCVCCV;EP3WP3EP2WP2EP1WP1*EP0WP0EN1WN1EN2WN2EN3WN3;DDRDDRCCVDCRCD
-56;DDRDDRDDRICNCCV;EP3WP3EP2WP2EP1WP1*EP0WP0EN1WN1EN2WN2EN3WN3;DDRCCVDCRCDVCC
-78;DDRDDRDDRDDRICN;EP3WP3EP2WP2EP1WP1*EP0WP0EN1WN1EN2WN2EN3WN3;CCVDCRCDVCCVCC
12;DCRDCRCCVDDRDDR;EP3WP3EP2WP2EP1WP1*EP0WP0EN1WN1EN2WN2EN3WN3;CDVCCVCCVCCVCC
8;CDVCDVDCRCCVDDR;EP3WP3EP2WP2EP1WP1*EP0WP0EN1WN1EN2WN2EN3WN3;CCVCCVCCVCCVCC
0;CCVCCVCDVDCRCCV;EP3WP3EP2WP2EP1WP1*EP0WP0EN1WN1EN2WN2EN3WN3;CCVCCVCCVCCRCC
34;CCVCCVCCVCDVDCR;EP3WP3EP2WP2EP1WP1*EP0WP0EN1WN1EN2WN2EN3WN3;CCVCCVCCRCCVIC
32;CCVCCVCCVCCVCDV;EP3WP3EP2WP2EP1WP1*EP0WP0EN1WN1EN2WN2EN3WN3;CCVCCRCCVICRDD
-4;CCRCCRCCVCCVCCV;EP3WP3EP2WP2EP1WP1*EP0WP0EN1WN1EN2WN2EN3WN3;CCVICRDDRDDVCC
12;CCVCCVCCRCCVCCV;EP3WP3EP2WP2EP1WP1*EP0WP0EN1WN1EN2WN2EN3WN3;ICRDDRDDVCCVCC
-8;ICRICRCCVCCRCCV;EP3WP3EP2WP2EP1WP1*EP0WP0EN1WN1EN2WN2EN3WN3;DDRDDVCCVCCRCD
-26;DDRDDRICRCCVCCR;EP3WP3EP2WP2EP1WP1*EP0WP0EN1WN1EN2WN2EN3WN3;DDVCCVCCRCDVDD
42;DDVDDVDDRICRCCV;EP3WP3EP2WP2EP1WP1*EP0WP0EN1WN1EN2WN2EN3WN3;CCVCCRCDVDDRCD
-16;CCRCCRCCVDDVDDR;EP3WP3EP2WP2EP1WP1*EP0WP0EN1WN1EN2WN2EN3WN3;CDVDDRCDVDCRCD
44;CDVCDVCCRCCVDDV;EP3WP3EP2WP2EP1WP1*EP0WP0EN1WN1EN2WN2EN3WN3;DDRCDVDCRCDVCC
12;DDRDDRCDVCCRCCV;EP3WP3EP2WP2EP1WP1*EP0WP0EN1WN1EN2WN2EN3WN3;CDVDCRCDVCCVCC
14;CDVCDVDDRCDVCCR;EP3WP3EP2WP2EP1WP1*EP0WP0EN1WN1EN2WN2EN3WN3;DCRCDVCCVCCNDD
-4;DCRDCRCDVDDRCDV;EP3WP3EP2WP2EP1WP1*EP0WP0EN1WN1EN2WN2EN3WN3;CDVCCVCCNDDRDD
26;CCVCCVCDVDCRCDV;EP3WP3EP2WP2EP1WP1*EP0WP0EN1WN1EN2WN2EN3WN3;CCNDDRDDRCDVCC
20;CCNCCNCCVCDVDCR;EP3WP3EP2WP2EP1WP1*EP0WP0EN1WN1EN2WN2EN3WN3;DDRDDRCDVCCRCD
4;DDRDDRCCNCCVCDV;EP3WP3EP2WP2EP1WP1*EP0WP0EN1WN1EN2WN2EN3WN3;DDRCDVCCRCDVCC
18;DDRDDRDDRCCNCCV;EP3WP3EP2WP2EP1WP1*EP0WP0EN1WN1EN2WN2EN3WN3;CDVCCRCDVCCVID
20;CDVCDVDDRDDRCCN;EP3WP3EP2WP2EP1WP1*EP0WP0EN1WN1EN2WN2EN3WN3;CCRCDVCCVIDRDD
54;CDVCDVCCRCDVDDR;EP3WP3EP2WP2EP1WP1*EP0WP0EN1WN1EN2WN2EN3WN3;CCVIDRDDRDDRDD
70;CCVCCVCDVCCRCDV;EP3WP3EP2WP2*EP1WP1EP0WP0EN1WN1EN2WN2EN3WN3;IDRDDRDDRDDRDD
-8;IDRIDRCCVCDVCCR;EP3WP3EP2WP2*EP1WP1EP0WP0EN1WN1EN2WN2EN3WN3;DDRDDRDDRDDRDD
2;DDRDDRIDRCCVCDV;EP3WP3EP2WP2EP1WP1*EP0WP0EN1WN1EN2WN2EN3WN3;DDRDDRDDRDDRDD
-2;DDRDDRDDRIDRCCV;EP3WP3EP2WP2EP1WP1*EP0WP0EN1WN1EN2WN2EN3WN3;DDRDDRDDRDDRCC
-64;DDRDDRDDRDDRDDR;EP3WP3EP2WP2EP1WP1*EP0WP0EN1WN1EN2WN2EN3WN3;DDRDDRCCVICNCI
-48;DDRDDRDDRDDRDDR;EP3WP3EP2WP2EP1WP1*EP0WP0EN1WN1EN2WN2EN3WN3;DDRCCVICNCIRDD
-30;DDRDDRDDRDDRDDR;EP3WP3EP2WP2EP1WP1*EP0WP0EN1WN1EN2WN2EN3WN3;CCVICNCIRDDRDD
-2;CCVCCVDDRDDRDDR;EP3WP3EP2WP2EP1WP1*EP0WP0EN1WN1EN2WN2EN3WN3;ICNCIRDDRDDRCC
-12;ICNICNCCVDDRDDR;EP3WP3EP2WP2EP1WP1*EP0WP0EN1WN1EN2WN2EN3WN3;CIRDDRDDRCCVCC
-26;DDRDDRCIRICNCCV;EP3WP3EP2WP2EP1WP1*EP0WP0EN1WN1EN2WN2EN3WN3;DDRCCVCCVDCRCI
2;DDRDDRDDRCIRICN;EP3WP3EP2WP2EP1WP1*EP0WP0EN1WN1EN2WN2EN3WN3;CCVCCVDCRCIVDD
22;CCVCCVDDRDDRCIR;EP3WP3EP2WP2EP1WP1*EP0WP0EN1WN1EN2WN2EN3WN3;CCVDCRCIVDDRDD
28;CCVCCVCCVDDRDDR;EP3WP3EP2WP2EP1WP1*EP0WP0EN1WN1EN2WN2EN3WN3;DCRCIVDDRDDRDD
26;DCRDCRCCVCCVDDR;EP3WP3EP2WP2EP1WP1*EP0WP0EN1WN1EN2WN2EN3WN3;CIVDDRDDRDDRCC
-22;DDRDDRCIVDCRCCV;EP3WP3EP2WP2EP1WP1*EP0WP0EN1WN1EN2WN2EN3WN3;DDRDDRCCVDDRDD
-20;DDRDDRDDRCIVDCR;EP3WP3EP2WP2EP1WP1*EP0WP0EN1WN1EN2WN2EN3WN3;DDRCCVDDRDDRDD
-56;DDRDDRDDRDDRCIV;EP3WP3EP2WP2EP1WP1*EP0WP0EN1WN1EN2WN2EN3WN3;CCVDDRDDRDDRDD
6;CCVCCVDDRDDRDDR;EP3WP3EP2WP2EP1WP1*EP0WP0EN1WN1EN2WN2EN3WN3;DDRDDRDDRDDRDD
-18;DDRDDRCCVDDRDDR;EP3WP3EP2WP2EP1WP1*EP0WP0EN1WN1EN2WN2EN3WN3;DDRDDRDDRDDRDD
-40;DDRDDRDDRDDRCCV;EP3WP3EP2WP2EP1WP1*EP0WP0EN1WN1EN2WN2EN3WN3;DDRDDRDDVDDRDD
-48;DDRDDRDDRDDRDDR;EP3WP3EP2WP2EP1WP1*EP0WP0EN1WN1EN2WN2EN3WN3;DDRDDVDDRDDRDD
-60;DDRDDRDDRDDRDDR;EP3WP3EP2WP2EP1WP1*EP0WP0EN1WN1EN2WN2EN3WN3;DDVDDRDDRDDRDD
10;DDVDDVDDRDDRDDR;EP3WP3EP2WP2EP1WP1EP0WP0*EN1WN1EN2WN2EN3WN3;DDRDDRDDRDDNDD
-16;DDRDDRDDVDDRDDR;EP3WP3EP2WP2EP1WP1EP0WP0*EN1WN1EN2WN2EN3WN3;DDRDDRDDNDDVCD
0;DDRDDRDDRDDRDDV;EP3WP3EP2WP2EP1WP1EP0WP0*EN1WN1EN2WN2EN3WN3;DDNDDVCDRDDRDD
-24;DDNDDNDDRDDRDDR;EP3WP3EP2WP2EP1WP1EP0WP0*EN1WN1EN2WN2EN3WN3;DDVCDRDDRDDRDD
-22;DDVDDVDDNDDRDDR;EP3WP3EP2WP2EP1WP1EP0WP0*EN1WN1EN2WN2EN3WN3;CDRDDRDDRDDVID
-66;CDRCDRDDVDDNDDR;EP3WP3EP2WP2EP1WP1EP0WP0*EN1WN1EN2WN2EN3WN3;DDRDDRDDVIDRDD
-18;DDRDDRCDRDDVDDN;EP3WP3EP2WP2EP1WP1EP0WP0*EN1WN1EN2WN2EN3WN3;DDRDDVIDRDDRCC
18;DDVDDVDDRDDRCDR;EP3WP3EP2WP2EP1WP1EP0WP0*EN1WN1EN2WN2EN3WN3;IDRDDRCCVDCRDD
-2;IDRIDRDDVDDRDDR;EP3WP3EP2WP2EP1WP1EP0WP0*EN1WN1EN2WN2EN3WN3;DDRCCVDCRDDRDD
-32;DDRDDRIDRDDVDDR;EP3WP3EP2WP2EP1WP1EP0WP0*EN1WN1EN2WN2EN3WN3;CCVDCRDDRDDVCC
24;CCVCCVDDRIDRDDV;EP3WP3EP2WP2EP1WP1EP0WP0*EN1WN1EN2WN2EN3WN3;DCRDDRDDVCCVDD
-2;DCRDCRCCVDDRIDR;EP3WP3EP2WP2EP1WP1EP0WP0*EN1WN1EN2WN2EN3WN3;DDRDDVCCVDDRDD
-12;DDVDDVDDRDCRCCV;EP3WP3EP2WP2EP1WP1EP0WP0*EN1WN1EN2WN2EN3WN3;CCVDDRDDRDDRCC
16;CCVCCVDDVDDRDCR;EP3WP3EP2WP2EP1WP1EP0WP0*EN1WN1EN2WN2EN3WN3;DDRDDRDDRCCVDD
-76;DDRDDRCCVDDVDDR;EP3WP3EP2WP2EP1WP1EP0WP0*EN1WN1EN2WN2EN3WN3;DDRDDRCCVDDRIC
20;DDRDDRDDRCCVDDV;EP3WP3EP2WP2EP1WP1EP0WP0*EN1WN1EN2WN2EN3WN3;DDRCCVDDRICVDD
-32;DDRDDRDDRDDRCCV;EP3WP3EP2WP2EP1WP1EP0WP0*EN1WN1EN2WN2EN3WN3;CCVDDRICVDDRDC
-42;DDRDDRCCVDDRDDR;EP3WP3EP2WP2EP1WP1EP0WP0*EN1WN1EN2WN2EN3WN3;ICVDDRDCVDDRDD
-20;ICVICVDDRCCVDDR;EP3WP3EP2WP2EP1WP1EP0WP0*EN1WN1EN2WN2EN3WN3;DDRDCVDDRDDRCD
-6;DDRDDRICVDDRCCV;EP3WP3EP2WP2EP1WP1EP0WP0*EN1WN1EN2WN2EN3WN3;DCVDDRDDRCDRDD
10;DCVDCVDDRICVDDR;EP3WP3EP2WP2EP1WP1EP0WP0*EN1WN1EN2WN2EN3WN3;DDRDDRCDRDDRCC
-30;DDRDDRDCVDDRICV;EP3WP3EP2WP2EP1WP1EP0WP0*EN1WN1EN2WN2EN3WN3;DDRCDRDDRCCVDD
12;CDRCDRDDRDDRDCV;EP3WP3EP2WP2EP1WP1EP0WP0*EN1WN1EN2WN2EN3WN3;DDRCCVDDRDDNDD
-38;DDRDDRCDRDDRDDR;EP3WP3EP2WP2EP1WP1EP0WP0EN1WN1*EN2WN2EN3WN3;CCVDDRDDNDDRDD
-2;CCVCCVDDRCDRDDR;EP3WP3EP2WP2EP1WP1EP0WP0*EN1WN1EN2WN2EN3WN3;DDRDDNDDRDDRDD
-62;DDRDDRCCVDDRCDR;EP3WP3EP2WP2EP1WP1EP0WP0*EN1WN1EN2WN2EN3WN3;DDNDDRDDRDDRDD
-16;DDNDDNDDRCCVDDR;EP3WP3EP2WP2EP1WP1EP0WP0EN1WN1*EN2WN2EN3WN3;DDRDDRDDRDDVCD
-42;DDRDDRDDRDDNDDR;EP3WP3EP2WP2EP1WP1EP0WP0EN1WN1*EN2WN2EN3WN3;DDRDDVCDRDDRDC
-18;DDRDDRDDRDDRDDN;EP3WP3EP2WP2EP1WP1EP0WP0EN1WN1*EN2WN2EN3WN3;DDVCDRDDRDCVCC
62;DDVDDVDDRDDRDDR;EP3WP3EP2WP2EP1WP1EP0WP0EN1WN1*EN2WN2EN3WN3;CDRDDRDCVCCVCC
-30;CDRCDRDDVDDRDDR;EP3WP3EP2WP2EP1WP1EP0WP0EN1WN1*EN2WN2EN3WN3;DDRDCVCCVCCVCC
-16;DDRDDRCDRDDVDDR;EP3WP3EP2WP2EP1WP1EP0WP0EN1WN1*EN2WN2EN3WN3;DCVCCVCCVCCVCC
20;CCVCCVDCVDDRCDR;EP3WP3EP2WP2EP1WP1EP0WP0EN1WN1*EN2WN2EN3WN3;CCVCCVCCVCCRCD
18;CCVCCVCCVDCVDDR;EP3WP3EP2WP2EP1WP1EP0WP0EN1WN1*EN2WN2EN3WN3;CCVCCVCCRCDVDC
8;CCVCCVCCVCCVDCV;EP3WP3EP2WP2EP1WP1EP0WP0EN1WN1*EN2WN2EN3WN3;CCVCCRCDVDCVCC
14;CCVCCVCCVCCVCCV;EP3WP3EP2WP2EP1WP1EP0WP0EN1WN1*EN2WN2EN3WN3;CCRCDVDCVCCVID
