delta;b_anteriors;situacioVWAP;b_futures
24;CCVCCVDDVDDVCCR;EP3WP3EP2WP2EP1WP1*EP0WP0EN1WN1EN2WN2EN3WN3;CCV
-2;CCRCCRCCVDDVDDV;EP3WP3EP2WP2EP1WP1*EP0WP0EN1WN1EN2WN2EN3WN3;DDR
4;DDRDDRCCRCCVDDV;EP3WP3EP2WP2EP1WP1*EP0WP0EN1WN1EN2WN2EN3WN3;DDR
0;DIVDIVDDRCCRCCV;EP3WP3EP2WP2EP1WP1*EP0WP0EN1WN1EN2WN2EN3WN3;CCV
32;DCVDCVDIVDDRCCR;EP3WP3EP2WP2EP1WP1*EP0WP0EN1WN1EN2WN2EN3WN3;CCV
28;CDVCDVCCRDCVDIV;EP3WP3EP2WP2EP1WP1*EP0WP0EN1WN1EN2WN2EN3WN3;CCV
20;CCVCCVCDVCCRDCV;EP3WP3EP2WP2EP1WP1*EP0WP0EN1WN1EN2WN2EN3WN3;CCV
-18;CDRCDRCCVCDVCCR;EP3WP3EP2WP2EP1WP1*EP0WP0EN1WN1EN2WN2EN3WN3;DDR
-4;DIVDIVCDRCCVCDV;EP3WP3EP2WP2EP1WP1*EP0WP0EN1WN1EN2WN2EN3WN3;DDR
26;CCVCCVDIVCDRCCV;EP3WP3EP2WP2EP1WP1*EP0WP0EN1WN1EN2WN2EN3WN3;CCV
-46;DDRDDRCCRCCVDIV;EP3WP3EP2WP2EP1WP1*EP0WP0EN1WN1EN2WN2EN3WN3;DDR
-8;DDNDDNDDRCCRCCV;EP3WP3EP2WP2EP1WP1*EP0WP0EN1WN1EN2WN2EN3WN3;CCV
14;CCVCCVDDNDDRCCR;EP3WP3EP2WP2EP1WP1*EP0WP0EN1WN1EN2WN2EN3WN3;CCV
30;CCVCCVCCVDDNDDR;EP3WP3EP2WP2EP1WP1*EP0WP0EN1WN1EN2WN2EN3WN3;CCV
8;DCRDCRCCVCCVDDN;EP3WP3EP2WP2EP1WP1*EP0WP0EN1WN1EN2WN2EN3WN3;DDR
24;DCRDCRDDVDCRCCV;EP3WP3EP2WP2EP1WP1*EP0WP0EN1WN1EN2WN2EN3WN3;CCV
-20;DDRDDRDCRDDVDCR;EP3WP3EP2WP2EP1WP1*EP0WP0EN1WN1EN2WN2EN3WN3;DDR
-6;DDRDDRDDRDCRDDV;EP3WP3EP2WP2EP1WP1*EP0WP0EN1WN1EN2WN2EN3WN3;DDR
6;CCVCCVDDRDDRDCR;EP3WP3EP2WP2EP1WP1*EP0WP0EN1WN1EN2WN2EN3WN3;CCV
22;DDRDDRCCVDDRDDR;EP3WP3EP2WP2EP1WP1*EP0WP0EN1WN1EN2WN2EN3WN3;DDR
64;CCVCCVCCVDDRCCV;EP3WP3EP2WP2EP1WP1*EP0WP0EN1WN1EN2WN2EN3WN3;CCV
24;CCRCCRCCVCCVDDR;EP3WP3EP2WP2EP1WP1*EP0WP0EN1WN1EN2WN2EN3WN3;DDR
-36;IDVIDVCCRCCVCCV;EP3WP3EP2WP2EP1WP1*EP0WP0EN1WN1EN2WN2EN3WN3;DDR
30;ICRICRIDVCCRCCV;EP3WP3EP2WP2EP1WP1*EP0WP0EN1WN1EN2WN2EN3WN3;CCV
4;DDVDDVICRIDVCCR;EP3WP3EP2WP2EP1WP1*EP0WP0EN1WN1EN2WN2EN3WN3;DDR
50;CCVCCVCCVDDVICR;EP3WP3EP2WP2EP1WP1*EP0WP0EN1WN1EN2WN2EN3WN3;CCV
-24;IIRIIRCCVCCVDDV;EP3WP3EP2WP2EP1WP1*EP0WP0EN1WN1EN2WN2EN3WN3;DDR
8;CCVCCVIIRCCVCCV;EP3WP3EP2WP2EP1WP1*EP0WP0EN1WN1EN2WN2EN3WN3;CCV
-30;CCNCCNCCVIIRCCV;EP3WP3EP2WP2EP1WP1*EP0WP0EN1WN1EN2WN2EN3WN3;DDR
0;DDVDDVCCNCCVIIR;EP3WP3EP2WP2EP1WP1*EP0WP0EN1WN1EN2WN2EN3WN3;DDR
18;DCNDCNCCVDDVCCN;EP3WP3EP2WP2EP1WP1*EP0WP0EN1WN1EN2WN2EN3WN3;CCV
-6;CCRCCRDCNCCVDDV;EP3WP3EP2WP2EP1WP1*EP0WP0EN1WN1EN2WN2EN3WN3;DDR
22;DIVDIVCCRDCNCCV;EP3WP3EP2WP2EP1WP1*EP0WP0EN1WN1EN2WN2EN3WN3;CCV
78;CCVCCVDIVCCRDCN;EP3WP3EP2WP2EP1WP1*EP0WP0EN1WN1EN2WN2EN3WN3;CCV
-4;CCRCCRCCVDIVCCR;EP3WP3EP2WP2EP1WP1*EP0WP0EN1WN1EN2WN2EN3WN3;DDR
28;DDVDDVDDRCCRCCV;EP3WP3EP2WP2EP1WP1*EP0WP0EN1WN1EN2WN2EN3WN3;CCV
-38;DDRDDRDDVDDRCCR;EP3WP3EP2WP2EP1WP1*EP0WP0EN1WN1EN2WN2EN3WN3;DDR
4;DDRDDRDDRDDVDDR;EP3WP3EP2WP2EP1WP1*EP0WP0EN1WN1EN2WN2EN3WN3;DDR
38;CDVCDVDDRDDRDDV;EP3WP3EP2WP2EP1WP1*EP0WP0EN1WN1EN2WN2EN3WN3;CCV
-28;CCVCCVCDVDDRDDR;EP3WP3EP2WP2EP1WP1*EP0WP0EN1WN1EN2WN2EN3WN3;DDR
14;CDVCDVCCRCCVCDV;EP3WP3EP2WP2EP1WP1*EP0WP0EN1WN1EN2WN2EN3WN3;CCV
-38;DDRDDRCDVCCRCCV;EP3WP3EP2WP2EP1WP1*EP0WP0EN1WN1EN2WN2EN3WN3;DDR
-48;DDRDDRDDRCDVCCR;EP3WP3EP2WP2EP1WP1*EP0WP0EN1WN1EN2WN2EN3WN3;DDR
-22;DDVDDVDDRDDRCDV;EP3WP3EP2WP2EP1WP1*EP0WP0EN1WN1EN2WN2EN3WN3;CCV
-8;DIRDIRDDVDDRDDR;EP3WP3EP2WP2EP1WP1*EP0WP0EN1WN1EN2WN2EN3WN3;DDR
14;CIVCIVDDRDIRDDV;EP3WP3EP2WP2EP1WP1*EP0WP0EN1WN1EN2WN2EN3WN3;CCV
22;CCRCCRCIVDDRDIR;EP3WP3EP2WP2EP1WP1*EP0WP0EN1WN1EN2WN2EN3WN3;CCV
0;DDRDDRCCRCIVDDR;EP3WP3EP2WP2EP1WP1*EP0WP0EN1WN1EN2WN2EN3WN3;DDR
-10;DDNDDNDDRCCRCIV;EP3WP3EP2WP2EP1WP1*EP0WP0EN1WN1EN2WN2EN3WN3;DDR
0;CCRCCRDDNDDRCCR;EP3WP3EP2WP2EP1WP1*EP0WP0EN1WN1EN2WN2EN3WN3;DDR
-14;CCRCCRDIVCCRDDN;EP3WP3EP2WP2EP1WP1*EP0WP0EN1WN1EN2WN2EN3WN3;DDR
18;CCVCCVCCRDIVCCR;EP3WP3EP2WP2EP1WP1*EP0WP0EN1WN1EN2WN2EN3WN3;CCV
-44;DDRDDRCCVCCRDIV;EP3WP3EP2WP2EP1WP1*EP0WP0EN1WN1EN2WN2EN3WN3;DDR
-8;DDNDDNDDRCCVCCR;EP3WP3EP2WP2EP1WP1*EP0WP0EN1WN1EN2WN2EN3WN3;DDR
-16;DDRDDRDDNDDRCCV;EP3WP3EP2WP2EP1WP1*EP0WP0EN1WN1EN2WN2EN3WN3;DDR
18;CCRCCRCCVDDRDDN;EP3WP3EP2WP2EP1WP1*EP0WP0EN1WN1EN2WN2EN3WN3;DDR
0;DDRDDRCCRCCVDDR;EP3WP3EP2WP2EP1WP1*EP0WP0EN1WN1EN2WN2EN3WN3;CCV
-72;DDRDDRDDRCCRCCV;EP3WP3EP2WP2EP1WP1*EP0WP0EN1WN1EN2WN2EN3WN3;DDR
-22;DDNDDNDDRDDRCCR;EP3WP3EP2WP2EP1WP1*EP0WP0EN1WN1EN2WN2EN3WN3;DDR
32;CCVCCVDDNDDRDDR;EP3WP3EP2WP2EP1WP1*EP0WP0EN1WN1EN2WN2EN3WN3;CCV
76;CCVCCVCCVCCVDDN;EP3WP3EP2WP2EP1WP1*EP0WP0EN1WN1EN2WN2EN3WN3;CCV
16;CCVCCVCCVCCVCCV;EP3WP3EP2WP2EP1WP1*EP0WP0EN1WN1EN2WN2EN3WN3;CCV
-52;DCRDCRCCVCCVCCV;EP3WP3EP2WP2EP1WP1*EP0WP0EN1WN1EN2WN2EN3WN3;DDR
30;DDRDDRDCRCCVCCV;EP3WP3EP2WP2EP1WP1*EP0WP0EN1WN1EN2WN2EN3WN3;CCV
-8;DDRDDRDDRDCRCCV;EP3WP3EP2WP2EP1WP1*EP0WP0EN1WN1EN2WN2EN3WN3;DDR
-22;DIRDIRICVDDRDDR;EP3WP3EP2WP2EP1WP1*EP0WP0EN1WN1EN2WN2EN3WN3;DDR
-32;DDVDDVDIRICVDDR;EP3WP3EP2WP2EP1WP1*EP0WP0EN1WN1EN2WN2EN3WN3;DDR
-6;CCRCCRDDVDIRICV;EP3WP3EP2WP2EP1WP1*EP0WP0EN1WN1EN2WN2EN3WN3;DDR
10;ICVICVCCRDDVDIR;EP3WP3EP2WP2EP1WP1*EP0WP0EN1WN1EN2WN2EN3WN3;CCV
-44;DDRDDRICVCCRDDV;EP3WP3EP2WP2EP1WP1*EP0WP0EN1WN1EN2WN2EN3WN3;DDR
32;CCVCCVDDVDDRICV;EP3WP3EP2WP2EP1WP1*EP0WP0EN1WN1EN2WN2EN3WN3;CCV
-24;CDRCDRCCVDDVDDR;EP3WP3EP2WP2EP1WP1*EP0WP0EN1WN1EN2WN2EN3WN3;DDR
-98;DDRDDRCDRCCVDDV;EP3WP3EP2WP2EP1WP1*EP0WP0EN1WN1EN2WN2EN3WN3;DDR
-26;DDRDDRDDRCDRCCV;EP3WP3EP2WP2EP1WP1*EP0WP0EN1WN1EN2WN2EN3WN3;DDR
-30;DDRDDRDDRDDRCDR;EP3WP3EP2WP2EP1WP1*EP0WP0EN1WN1EN2WN2EN3WN3;DDR
-10;CCVCCVCCVDDRDDR;EP3WP3EP2WP2EP1WP1*EP0WP0EN1WN1EN2WN2EN3WN3;CCV
-20;CCRCCRCCVCCVDDR;EP3WP3EP2WP2EP1WP1*EP0WP0EN1WN1EN2WN2EN3WN3;DDR
-8;DDRDDRCCRCCVCCV;EP3WP3EP2WP2EP1WP1*EP0WP0EN1WN1EN2WN2EN3WN3;DDR
18;DDVDDVDDRCCRCCV;EP3WP3EP2WP2EP1WP1*EP0WP0EN1WN1EN2WN2EN3WN3;CCV
-48;IDRIDRDDVDDRCCR;EP3WP3EP2WP2EP1WP1*EP0WP0EN1WN1EN2WN2EN3WN3;DDR
34;CCVCCVDDVIDRDDV;EP3WP3EP2WP2EP1WP1*EP0WP0EN1WN1EN2WN2EN3WN3;CCV
34;CCVCCVCCVDDVIDR;EP3WP3EP2WP2EP1WP1*EP0WP0EN1WN1EN2WN2EN3WN3;CCV
12;CIVCIVCCVCCVDDV;EP3WP3EP2WP2EP1WP1*EP0WP0EN1WN1EN2WN2EN3WN3;CCV
22;CCVCCVCIVCCVCCV;EP3WP3EP2WP2EP1WP1*EP0WP0EN1WN1EN2WN2EN3WN3;CCV
20;CCVCCVCCVCIVCCV;EP3WP3EP2WP2EP1WP1*EP0WP0EN1WN1EN2WN2EN3WN3;CCV
6;CDRCDRDDRCCVCCV;EP3WP3EP2WP2EP1WP1*EP0WP0EN1WN1EN2WN2EN3WN3;DDR
18;CCVCCVCDRDDRCCV;EP3WP3EP2WP2EP1WP1*EP0WP0EN1WN1EN2WN2EN3WN3;DDR
84;CCVCCVCCVCDRDDR;EP3WP3EP2WP2EP1WP1*EP0WP0EN1WN1EN2WN2EN3WN3;CCV
10;CCRCCRCCVCCVCDR;EP3WP3EP2WP2EP1WP1*EP0WP0EN1WN1EN2WN2EN3WN3;DDR
24;DCVDCVCCRCCVCCV;EP3WP3EP2WP2EP1WP1*EP0WP0EN1WN1EN2WN2EN3WN3;CCV
24;DCVDCVCCRDCVCCR;EP3WP3EP2WP2EP1WP1*EP0WP0EN1WN1EN2WN2EN3WN3;CCV
42;CIVCIVDCVCCRDCV;EP3WP3EP2WP2EP1WP1*EP0WP0EN1WN1EN2WN2EN3WN3;CCV
-38;DIRDIRCIVDCVCCR;EP3WP3EP2WP2EP1WP1*EP0WP0EN1WN1EN2WN2EN3WN3;DDR
44;CCVCCVDIRCIVDCV;EP3WP3EP2WP2EP1WP1*EP0WP0EN1WN1EN2WN2EN3WN3;CCV
12;CCVCCVCCVDIRCIV;EP3WP3EP2WP2EP1WP1*EP0WP0EN1WN1EN2WN2EN3WN3;DDR
-4;DDRDDRDDVCCVCCV;EP3WP3EP2WP2EP1WP1*EP0WP0EN1WN1EN2WN2EN3WN3;DDR
-14;DDRDDRDDRDDVCCV;EP3WP3EP2WP2EP1WP1*EP0WP0EN1WN1EN2WN2EN3WN3;DDR
8;CCVCCVDDRDDRDDV;EP3WP3EP2WP2EP1WP1*EP0WP0EN1WN1EN2WN2EN3WN3;CCV
-18;IDRIDRCCVDDRDDR;EP3WP3EP2WP2EP1WP1*EP0WP0EN1WN1EN2WN2EN3WN3;DDR
-32;DDRDDRIDRCCVDDR;EP3WP3EP2WP2EP1WP1*EP0WP0EN1WN1EN2WN2EN3WN3;DDR
12;CCVCCVCDVDDRIDR;EP3WP3EP2WP2EP1WP1*EP0WP0EN1WN1EN2WN2EN3WN3;DDR
-42;IDRIDRCCVCDVDDR;EP3WP3EP2WP2EP1WP1*EP0WP0EN1WN1EN2WN2EN3WN3;DDR
-16;DDNDDNIDRCCVCDV;EP3WP3EP2WP2EP1WP1*EP0WP0EN1WN1EN2WN2EN3WN3;DDR
22;CCRCCRDDNIDRCCV;EP3WP3EP2WP2EP1WP1*EP0WP0EN1WN1EN2WN2EN3WN3;CCV
-30;DDNDDNCCRDDNIDR;EP3WP3EP2WP2EP1WP1*EP0WP0EN1WN1EN2WN2EN3WN3;DDR
-32;DCRDCRCCVDDNCCR;EP3WP3EP2WP2EP1WP1*EP0WP0EN1WN1EN2WN2EN3WN3;DDR
-4;IDRIDRDCRCCVDDN;EP3WP3EP2WP2EP1WP1*EP0WP0EN1WN1EN2WN2EN3WN3;DDR
108;CCVCCVIDRDCRCCV;EP3WP3EP2WP2EP1WP1*EP0WP0EN1WN1EN2WN2EN3WN3;CCV
18;CCRCCRCCVIDRDCR;EP3WP3EP2WP2EP1WP1*EP0WP0EN1WN1EN2WN2EN3WN3;CCV
14;CDVCDVCCRCCVIDR;EP3WP3EP2WP2EP1WP1*EP0WP0EN1WN1EN2WN2EN3WN3;CCV
-4;DDRDDRCCRCDVCCR;EP3WP3EP2WP2EP1WP1*EP0WP0EN1WN1EN2WN2EN3WN3;CCV
12;CCVCCVDDRCCRCDV;EP3WP3EP2WP2EP1WP1*EP0WP0EN1WN1EN2WN2EN3WN3;CCV
-100;DDRDDRCCVDDRCCR;EP3WP3EP2WP2EP1WP1*EP0WP0EN1WN1EN2WN2EN3WN3;DDR
-48;DDRDDRDDRCCVDDR;EP3WP3EP2WP2EP1WP1*EP0WP0EN1WN1EN2WN2EN3WN3;DDR
-12;DDVDDVDDRDDRCCV;EP3WP3EP2WP2EP1WP1*EP0WP0EN1WN1EN2WN2EN3WN3;CCV
-20;DDVDDVDDRDDVDDR;EP3WP3EP2WP2EP1WP1*EP0WP0EN1WN1EN2WN2EN3WN3;CCV
-32;IDRIDRDDVDDRDDV;EP3WP3EP2WP2EP1WP1*EP0WP0EN1WN1EN2WN2EN3WN3;DDR
52;CDVCDVIDRDDVDDR;EP3WP3EP2WP2EP1WP1*EP0WP0EN1WN1EN2WN2EN3WN3;CCV
34;ICNICNCDVIDRDDV;EP3WP3EP2WP2EP1WP1*EP0WP0EN1WN1EN2WN2EN3WN3;CCV
-74;DDRDDRICNCDVIDR;EP3WP3EP2WP2EP1WP1*EP0WP0EN1WN1EN2WN2EN3WN3;DDR
12;CCRCCRDDVDDRICN;EP3WP3EP2WP2EP1WP1*EP0WP0EN1WN1EN2WN2EN3WN3;CCV
-34;CDRCDRCCRDDVDDR;EP3WP3EP2WP2EP1WP1*EP0WP0EN1WN1EN2WN2EN3WN3;DDR
-8;DDVDDVCDRCCRDDV;EP3WP3EP2WP2EP1WP1*EP0WP0EN1WN1EN2WN2EN3WN3;DDR
-38;DDRDDRDDVCDRCCR;EP3WP3EP2WP2EP1WP1*EP0WP0EN1WN1EN2WN2EN3WN3;DDR
-34;DDRDDRDDRDDVCDR;EP3WP3EP2WP2EP1WP1*EP0WP0EN1WN1EN2WN2EN3WN3;DDR
-68;IDRIDRDDVDDRDDR;EP3WP3EP2WP2EP1WP1*EP0WP0EN1WN1EN2WN2EN3WN3;DDR
-24;DDRDDRIDRDDVDDR;EP3WP3EP2WP2EP1WP1*EP0WP0EN1WN1EN2WN2EN3WN3;DDR
16;CIVCIVDDRIDRDDV;EP3WP3EP2WP2EP1WP1*EP0WP0EN1WN1EN2WN2EN3WN3;CCV
-16;DCRDCRCIVDDRIDR;EP3WP3EP2WP2EP1WP1*EP0WP0EN1WN1EN2WN2EN3WN3;DDR
-54;DDRDDRDCRCIVDDR;EP3WP3EP2WP2EP1WP1*EP0WP0EN1WN1EN2WN2EN3WN3;DDR
16;CDVCDVDDRDDRDCR;EP3WP3EP2WP2EP1WP1*EP0WP0EN1WN1EN2WN2EN3WN3;CCV
62;CCVCCVCDVDDRDDR;EP3WP3EP2WP2EP1WP1*EP0WP0EN1WN1EN2WN2EN3WN3;CCV
12;CCVCCVCCVCDVDDR;EP3WP3EP2WP2EP1WP1*EP0WP0EN1WN1EN2WN2EN3WN3;CCV
48;CCVCCVCCVCCVCDV;EP3WP3EP2WP2EP1WP1*EP0WP0EN1WN1EN2WN2EN3WN3;CCV
-48;IDRIDRCCVCCVCCV;EP3WP3EP2WP2EP1WP1*EP0WP0EN1WN1EN2WN2EN3WN3;DDR
20;CCNCCNDDVIDRCCV;EP3WP3EP2WP2EP1WP1*EP0WP0EN1WN1EN2WN2EN3WN3;CCV
12;DDRDDRCCNDDVIDR;EP3WP3EP2WP2EP1WP1*EP0WP0EN1WN1EN2WN2EN3WN3;CCV
-58;CDRCDRDDRCCNDDV;EP3WP3EP2WP2EP1WP1*EP0WP0EN1WN1EN2WN2EN3WN3;DDR
-96;DDRDDRCDRDDRCCN;EP3WP3EP2WP2EP1WP1*EP0WP0EN1WN1EN2WN2EN3WN3;DDR
24;CCVCCVDDRCDRDDR;EP3WP3EP2WP2EP1WP1*EP0WP0EN1WN1EN2WN2EN3WN3;CCV
-62;DDRDDRCCRCCVDDR;EP3WP3EP2WP2EP1WP1*EP0WP0EN1WN1EN2WN2EN3WN3;DDR
-50;DDRDDRDDRCCRCCV;EP3WP3EP2WP2EP1WP1EP0WP0*EN1WN1EN2WN2EN3WN3;DDR
-28;DDRDDRDDRDDRCCR;EP3WP3EP2WP2EP1WP1EP0WP0*EN1WN1EN2WN2EN3WN3;DDR
-24;DDRDDRDDRDDRDDR;EP3WP3EP2WP2EP1WP1EP0WP0*EN1WN1EN2WN2EN3WN3;DDR
-26;DDRDDRDDRDDRDDR;EP3WP3EP2WP2EP1WP1EP0WP0*EN1WN1EN2WN2EN3WN3;DDR
-32;DDRDDRDDRDDRDDR;EP3WP3EP2WP2EP1WP1EP0WP0*EN1WN1EN2WN2EN3WN3;DDR
4;CIVCIVDDRDDRDDR;EP3WP3EP2WP2EP1WP1EP0WP0*EN1WN1EN2WN2EN3WN3;CCV
20;CCVCCVCIVDDRDDR;EP3WP3EP2WP2EP1WP1EP0WP0*EN1WN1EN2WN2EN3WN3;CCV
-12;CCRCCRCCVCIVDDR;EP3WP3EP2WP2EP1WP1EP0WP0*EN1WN1EN2WN2EN3WN3;DDR
-18;DDVDDVCCRCCVCIV;EP3WP3EP2WP2EP1WP1EP0WP0*EN1WN1EN2WN2EN3WN3;CCV
-78;DDRDDRDDRDDVCCR;EP3WP3EP2WP2EP1WP1EP0WP0*EN1WN1EN2WN2EN3WN3;DDR
-92;DDRDDRDDRDDRDDV;EP3WP3EP2WP2EP1WP1EP0WP0*EN1WN1EN2WN2EN3WN3;DDR
40;CCVCCVDDRDDRDDR;EP3WP3EP2WP2EP1WP1EP0WP0*EN1WN1EN2WN2EN3WN3;CCV
-18;DDRDDRCCVDDRDDR;EP3WP3EP2WP2EP1WP1EP0WP0*EN1WN1EN2WN2EN3WN3;DDR
-36;IIRIIRDDRCCVDDR;EP3WP3EP2WP2EP1WP1EP0WP0*EN1WN1EN2WN2EN3WN3;DDR
-14;DDVDDVCDRIIRDDR;EP3WP3EP2WP2EP1WP1EP0WP0*EN1WN1EN2WN2EN3WN3;CCV
-70;IIRIIRDDVCDRIIR;EP3WP3EP2WP2EP1WP1EP0WP0*EN1WN1EN2WN2EN3WN3;DDR
-78;DDVDDVIIRDDVCDR;EP3WP3EP2WP2EP1WP1EP0WP0*EN1WN1EN2WN2EN3WN3;DDR
-58;CCRCCRDDVIIRDDV;EP3WP3EP2WP2EP1WP1EP0WP0*EN1WN1EN2WN2EN3WN3;DDR
-118;DDRDDRCCRDDVIIR;EP3WP3EP2WP2EP1WP1EP0WP0*EN1WN1EN2WN2EN3WN3;DDR
-2;DDVDDVDDVDDRCCR;EP3WP3EP2WP2EP1WP1EP0WP0*EN1WN1EN2WN2EN3WN3;CCV
-10;CCRCCRDDVDDVDDR;EP3WP3EP2WP2EP1WP1EP0WP0*EN1WN1EN2WN2EN3WN3;CCV
-118;DDRDDRCCRDDVDDV;EP3WP3EP2WP2EP1WP1EP0WP0*EN1WN1EN2WN2EN3WN3;DDR
-6;IDVIDVDDRCCRDDV;EP3WP3EP2WP2EP1WP1EP0WP0*EN1WN1EN2WN2EN3WN3;CCV
38;CCVCCVIDVDDRCCR;EP3WP3EP2WP2EP1WP1EP0WP0*EN1WN1EN2WN2EN3WN3;CCV
-70;DDRDDRCCVCCVIDV;EP3WP3EP2WP2EP1WP1EP0WP0*EN1WN1EN2WN2EN3WN3;DDR
-24;DCVDCVDDRCCVCCV;EP3WP3EP2WP2EP1WP1EP0WP0*EN1WN1EN2WN2EN3WN3;CCV
-96;DDRDDRDCVDDRCCV;EP3WP3EP2WP2EP1WP1EP0WP0*EN1WN1EN2WN2EN3WN3;DDR
42;CDVCDVDDRDCVDDR;EP3WP3EP2WP2EP1WP1EP0WP0*EN1WN1EN2WN2EN3WN3;CCV
24;CCVCCVCDVDDRDCV;EP3WP3EP2WP2EP1WP1EP0WP0*EN1WN1EN2WN2EN3WN3;CCV
-34;DCRDCRCCVCCVCDV;EP3WP3EP2WP2EP1WP1EP0WP0*EN1WN1EN2WN2EN3WN3;DDR
8;CIVCIVDCRCCVCCV;EP3WP3EP2WP2EP1WP1EP0WP0*EN1WN1EN2WN2EN3WN3;CCV
-8;CDRCDRCIVDCRCCV;EP3WP3EP2WP2EP1WP1EP0WP0*EN1WN1EN2WN2EN3WN3;CCV
30;DCVDCVCDRCIVDCR;EP3WP3EP2WP2EP1WP1EP0WP0*EN1WN1EN2WN2EN3WN3;CCV
-30;DDRDDRDCVCDRCIV;EP3WP3EP2WP2EP1WP1EP0WP0*EN1WN1EN2WN2EN3WN3;DDR
74;CCVCCVDDNDDRDCV;EP3WP3EP2WP2EP1WP1EP0WP0*EN1WN1EN2WN2EN3WN3;CCV
14;CCVCCVCCVDDNDDR;EP3WP3EP2WP2EP1WP1EP0WP0*EN1WN1EN2WN2EN3WN3;CCV
50;CCVCCVCCVCCVDDN;EP3WP3EP2WP2EP1WP1EP0WP0*EN1WN1EN2WN2EN3WN3;CCV
10;DCRDCRCCVCCVCCV;EP3WP3EP2WP2EP1WP1EP0WP0*EN1WN1EN2WN2EN3WN3;DDR
-42;DDRDDRDCRCCVCCV;EP3WP3EP2WP2EP1WP1EP0WP0*EN1WN1EN2WN2EN3WN3;DDR
4;DCRDCRCDVDDRDCR;EP3WP3EP2WP2EP1WP1EP0WP0*EN1WN1EN2WN2EN3WN3;CCV
-8;DDVDDVDCRCDVDDR;EP3WP3EP2WP2EP1WP1EP0WP0*EN1WN1EN2WN2EN3WN3;CCV
-2;CIVCIVDDVDCRCDV;EP3WP3EP2WP2EP1WP1EP0WP0*EN1WN1EN2WN2EN3WN3;CCV
-4;CDNCDNCIVDDVDCR;EP3WP3EP2WP2EP1WP1EP0WP0*EN1WN1EN2WN2EN3WN3;CCV
-8;DCRDCRCDNCIVDDV;EP3WP3EP2WP2EP1WP1EP0WP0*EN1WN1EN2WN2EN3WN3;CCV
-14;CCVCCVCCVDCRCDN;EP3WP3EP2WP2EP1WP1EP0WP0*EN1WN1EN2WN2EN3WN3;CCV
-32;CCRCCRCCVCCVDCR;EP3WP3EP2WP2EP1WP1EP0WP0*EN1WN1EN2WN2EN3WN3;DDR
-12;DDRDDRCCRCCVCCV;EP3WP3EP2WP2EP1WP1EP0WP0*EN1WN1EN2WN2EN3WN3;DDR
-32;CDRCDRDDRCCRCCV;EP3WP3EP2WP2EP1WP1EP0WP0*EN1WN1EN2WN2EN3WN3;DDR
26;DDVDDVCDRDDRCCR;EP3WP3EP2WP2EP1WP1EP0WP0*EN1WN1EN2WN2EN3WN3;CCV
-12;DDVDDVIDRDDVCDR;EP3WP3EP2WP2EP1WP1EP0WP0*EN1WN1EN2WN2EN3WN3;CCV
50;CCVCCVDDVIDRDDV;EP3WP3EP2WP2EP1WP1EP0WP0*EN1WN1EN2WN2EN3WN3;CCV
10;CCVCCVCCVDDVIDR;EP3WP3EP2WP2EP1WP1EP0WP0*EN1WN1EN2WN2EN3WN3;CCV
40;CCVCCVCCVCCVDDV;EP3WP3EP2WP2EP1WP1EP0WP0*EN1WN1EN2WN2EN3WN3;CCV
-68;CDRCDRCCVCCVCCV;EP3WP3EP2WP2EP1WP1EP0WP0*EN1WN1EN2WN2EN3WN3;DDR
-18;DDRDDRDDRCDRCCV;EP3WP3EP2WP2EP1WP1EP0WP0*EN1WN1EN2WN2EN3WN3;DDR
28;CDVCDVDDRDDRCDR;EP3WP3EP2WP2EP1WP1EP0WP0*EN1WN1EN2WN2EN3WN3;CCV
18;CCVCCVCDVDDRDDR;EP3WP3EP2WP2EP1WP1EP0WP0*EN1WN1EN2WN2EN3WN3;CCV
-10;CCRCCRCCVCDVDDR;EP3WP3EP2WP2EP1WP1EP0WP0*EN1WN1EN2WN2EN3WN3;DDR
-14;CCRCCRCCRCCVCDV;EP3WP3EP2WP2EP1WP1EP0WP0*EN1WN1EN2WN2EN3WN3;CCV
6;IDVIDVDDNCCRCCR;EP3WP3EP2WP2EP1WP1EP0WP0*EN1WN1EN2WN2EN3WN3;CCV
-6;DCRDCRIDVDDNCCR;EP3WP3EP2WP2EP1WP1EP0WP0*EN1WN1EN2WN2EN3WN3;CCV
-4;DDRDDRDCRIDVDDN;EP3WP3EP2WP2EP1WP1EP0WP0*EN1WN1EN2WN2EN3WN3;CCV
-14;DIRDIRDDRDCRIDV;EP3WP3EP2WP2EP1WP1EP0WP0*EN1WN1EN2WN2EN3WN3;CCV
-26;DDRDDRDIRDDRDCR;EP3WP3EP2WP2EP1WP1EP0WP0*EN1WN1EN2WN2EN3WN3;DDR
-118;DDRDDRDDRDDRDIR;EP3WP3EP2WP2EP1WP1EP0WP0*EN1WN1EN2WN2EN3WN3;DDR
-144;DDRDDRDDRDDRDDR;EP3WP3EP2WP2EP1WP1EP0WP0*EN1WN1EN2WN2EN3WN3;DDR
-14;DDRDDRDDRDDRDDR;EP3WP3EP2WP2EP1WP1EP0WP0*EN1WN1EN2WN2EN3WN3;DDR
-58;DDRDDRDDRDDRDDR;EP3WP3EP2WP2EP1WP1EP0WP0EN1WN1*EN2WN2EN3WN3;DDR
-46;DDRDDRDDRDDRDDR;EP3WP3EP2WP2EP1WP1EP0WP0EN1WN1*EN2WN2EN3WN3;DDR
-2;CDRCDRDDRDDRDDR;EP3WP3EP2WP2EP1WP1EP0WP0EN1WN1*EN2WN2EN3WN3;DDR
-80;DDRDDRCDRDDRDDR;EP3WP3EP2WP2EP1WP1EP0WP0EN1WN1*EN2WN2EN3WN3;DDR
-50;DDRDDRDDRCDRDDR;EP3WP3EP2WP2EP1WP1EP0WP0EN1WN1*EN2WN2EN3WN3;DDR
2;IDVIDVDDRDDRCDR;EP3WP3EP2WP2EP1WP1EP0WP0EN1WN1*EN2WN2EN3WN3;CCV
-24;DCRDCRIDVDDRDDR;EP3WP3EP2WP2EP1WP1EP0WP0EN1WN1*EN2WN2EN3WN3;DDR
-62;DDRDDRDDRDCRIDV;EP3WP3EP2WP2EP1WP1EP0WP0EN1WN1*EN2WN2EN3WN3;DDR
22;DDVDDVDDRDDRDCR;EP3WP3EP2WP2EP1WP1EP0WP0EN1WN1*EN2WN2EN3WN3;CCV
-54;DDRDDRDDVDDRDDR;EP3WP3EP2WP2EP1WP1EP0WP0EN1WN1*EN2WN2EN3WN3;DDR
-60;DDRDDRDDRDDVDDR;EP3WP3EP2WP2EP1WP1EP0WP0EN1WN1*EN2WN2EN3WN3;DDR
4;CDVCDVDDRDDRDDV;EP3WP3EP2WP2EP1WP1EP0WP0EN1WN1*EN2WN2EN3WN3;CCV
-8;CCVCCVCCRCDVDDR;EP3WP3EP2WP2EP1WP1EP0WP0EN1WN1*EN2WN2EN3WN3;CCV
-52;IDRIDRCCVCCRCDV;EP3WP3EP2WP2EP1WP1EP0WP0EN1WN1*EN2WN2EN3WN3;DDR
-28;DDRDDRIDRCCVCCR;EP3WP3EP2WP2EP1WP1EP0WP0EN1WN1*EN2WN2EN3WN3;DDR
-60;IDRIDRDDRIDRCCV;EP3WP3EP2WP2EP1WP1EP0WP0EN1WN1*EN2WN2EN3WN3;DDR
-104;DDRDDRIDRDDRIDR;EP3WP3EP2WP2EP1WP1EP0WP0EN1WN1*EN2WN2EN3WN3;DDR
-14;CDVCDVDDRDDRIDR;EP3WP3EP2WP2EP1WP1EP0WP0EN1WN1*EN2WN2EN3WN3;CCV
26;CCVCCVCDVDDRDDR;EP3WP3EP2WP2EP1WP1EP0WP0EN1WN1*EN2WN2EN3WN3;CCV
-12;ICRICRCCVCDVDDR;EP3WP3EP2WP2EP1WP1EP0WP0EN1WN1*EN2WN2EN3WN3;DDR
-22;CCNCCNICRCCVCDV;EP3WP3EP2WP2EP1WP1EP0WP0EN1WN1*EN2WN2EN3WN3;DDR
28;CDVCDVCCNICRCCV;EP3WP3EP2WP2EP1WP1EP0WP0EN1WN1*EN2WN2EN3WN3;CCV
-30;IDRIDRCCVCDVCCN;EP3WP3EP2WP2EP1WP1EP0WP0EN1WN1*EN2WN2EN3WN3;DDR
54;CCVCCVIDRCCVCDV;EP3WP3EP2WP2EP1WP1EP0WP0EN1WN1*EN2WN2EN3WN3;CCV
-20;CCVCCVCCVIDRCCV;EP3WP3EP2WP2EP1WP1EP0WP0EN1WN1*EN2WN2EN3WN3;CCV
24;CCRCCRCCVCCVIDR;EP3WP3EP2WP2EP1WP1EP0WP0EN1WN1*EN2WN2EN3WN3;DDR
32;DDVDDVCCRCCVCCV;EP3WP3EP2WP2EP1WP1EP0WP0EN1WN1*EN2WN2EN3WN3;CCV
18;CIVCIVCCRDDVCCR;EP3WP3EP2WP2EP1WP1EP0WP0EN1WN1*EN2WN2EN3WN3;CCV
48;CCVCCVCIVCCRDDV;EP3WP3EP2WP2EP1WP1EP0WP0EN1WN1*EN2WN2EN3WN3;CCV
32;CCNCCNCCVCIVCCR;EP3WP3EP2WP2EP1WP1EP0WP0EN1WN1*EN2WN2EN3WN3;CCV
-14;DDRDDRCCNCCVCIV;EP3WP3EP2WP2EP1WP1EP0WP0EN1WN1*EN2WN2EN3WN3;DDR
20;CCVCCVDDRCCNCCV;EP3WP3EP2WP2EP1WP1EP0WP0EN1WN1*EN2WN2EN3WN3;CCV
4;DCRDCRDDRCCVDDR;EP3WP3EP2WP2EP1WP1EP0WP0EN1WN1*EN2WN2EN3WN3;CCV
76;CCVCCVDCRDDRCCV;EP3WP3EP2WP2EP1WP1EP0WP0*EN1WN1EN2WN2EN3WN3;CCV
74;CCVCCVCCVDCRDDR;EP3WP3EP2WP2EP1WP1EP0WP0*EN1WN1EN2WN2EN3WN3;CCV
8;CCRCCRCCVCCVDCR;EP3WP3EP2WP2EP1WP1EP0WP0*EN1WN1EN2WN2EN3WN3;CCV
12;DDVDDVCCRCCVCCV;EP3WP3EP2WP2EP1WP1EP0WP0*EN1WN1EN2WN2EN3WN3;CCV
26;DDRDDRCCVDDVCCR;EP3WP3EP2WP2EP1WP1EP0WP0*EN1WN1EN2WN2EN3WN3;DDR
54;CDVCDVDDRCCVDDV;EP3WP3EP2WP2EP1WP1EP0WP0*EN1WN1EN2WN2EN3WN3;CCV
10;DIVDIVCDVDDRCCV;EP3WP3EP2WP2EP1WP1EP0WP0*EN1WN1EN2WN2EN3WN3;CCV
42;CCVCCVDIVCDVDDR;EP3WP3EP2WP2EP1WP1EP0WP0*EN1WN1EN2WN2EN3WN3;CCV
96;CCVCCVCCVDIVCDV;EP3WP3EP2WP2EP1WP1EP0WP0*EN1WN1EN2WN2EN3WN3;CCV
-18;DIRDIRCCVCCVCCV;EP3WP3EP2WP2EP1WP1EP0WP0*EN1WN1EN2WN2EN3WN3;DDR
24;CIVCIVDIRCCVCCV;EP3WP3EP2WP2EP1WP1EP0WP0*EN1WN1EN2WN2EN3WN3;CCV
-34;DDRDDRCIVDIRCCV;EP3WP3EP2WP2EP1WP1EP0WP0*EN1WN1EN2WN2EN3WN3;DDR
4;DDNDDNDDRCIVDIR;EP3WP3EP2WP2EP1WP1EP0WP0*EN1WN1EN2WN2EN3WN3;CCV
-40;DDRDDRDDNDDRCIV;EP3WP3EP2WP2EP1WP1EP0WP0*EN1WN1EN2WN2EN3WN3;DDR
-84;CDRCDRDDVDDRDDN;EP3WP3EP2WP2EP1WP1EP0WP0*EN1WN1EN2WN2EN3WN3;DDR
-4;DDRDDRCDRDDVDDR;EP3WP3EP2WP2EP1WP1EP0WP0*EN1WN1EN2WN2EN3WN3;DDR
28;CCVCCVDDRCDRDDV;EP3WP3EP2WP2EP1WP1EP0WP0*EN1WN1EN2WN2EN3WN3;CCV
38;CCVCCVCCVDDRCDR;EP3WP3EP2WP2EP1WP1EP0WP0*EN1WN1EN2WN2EN3WN3;CCV
10;DDRDDRCCVCCVDDR;EP3WP3EP2WP2EP1WP1EP0WP0*EN1WN1EN2WN2EN3WN3;CCV
10;CCVCCVICNDDRCCV;EP3WP3EP2WP2EP1WP1EP0WP0*EN1WN1EN2WN2EN3WN3;CCV
10;DCVDCVCCVICNDDR;EP3WP3EP2WP2EP1WP1EP0WP0*EN1WN1EN2WN2EN3WN3;CCV
-12;DDRDDRDCVCCVICN;EP3WP3EP2WP2EP1WP1EP0WP0*EN1WN1EN2WN2EN3WN3;CCV
0;CDRCDRDDRDCVCCV;EP3WP3EP2WP2EP1WP1EP0WP0*EN1WN1EN2WN2EN3WN3;CCV
0;DDVDDVCDRDDRDCV;EP3WP3EP2WP2EP1WP1EP0WP0*EN1WN1EN2WN2EN3WN3;CCV
8;CDVCDVCCVDDVCDR;EP3WP3EP2WP2EP1WP1EP0WP0*EN1WN1EN2WN2EN3WN3;CCV
-24;DCRDCRCDVCCVDDV;EP3WP3EP2WP2EP1WP1EP0WP0*EN1WN1EN2WN2EN3WN3;CCV
-24;CCRCCRDCRCDVCCV;EP3WP3EP2WP2EP1WP1EP0WP0*EN1WN1EN2WN2EN3WN3;DDR
-18;DDRDDRCCRDCRCDV;EP3WP3EP2WP2EP1WP1EP0WP0*EN1WN1EN2WN2EN3WN3;CCV
-40;DDRDDRDDRCCRDCR;EP3WP3EP2WP2EP1WP1EP0WP0*EN1WN1EN2WN2EN3WN3;DDR
-6;DDRDDRDDRDDRDDR;EP3WP3EP2WP2EP1WP1EP0WP0*EN1WN1EN2WN2EN3WN3;DDR
-56;DDRDDRDDRDDRDDR;EP3WP3EP2WP2EP1WP1EP0WP0EN1WN1*EN2WN2EN3WN3;DDR
20;DIVDIVDDRDDRDDR;EP3WP3EP2WP2EP1WP1EP0WP0EN1WN1*EN2WN2EN3WN3;CCV
-18;CCRCCRDIVDDRDDR;EP3WP3EP2WP2EP1WP1EP0WP0EN1WN1*EN2WN2EN3WN3;DDR
-98;DDRDDRCCRDIVDDR;EP3WP3EP2WP2EP1WP1EP0WP0EN1WN1*EN2WN2EN3WN3;DDR
56;CCVCCVDDVDDRCCR;EP3WP3EP2WP2EP1WP1EP0WP0EN1WN1*EN2WN2EN3WN3;CCV
-28;DCRDCRCCVDDVDDR;EP3WP3EP2WP2EP1WP1EP0WP0EN1WN1*EN2WN2EN3WN3;DDR
-44;DDVDDVDCRCCVDDV;EP3WP3EP2WP2EP1WP1EP0WP0EN1WN1*EN2WN2EN3WN3;DDR
-2;CCVCCVDDVDCRCCV;EP3WP3EP2WP2EP1WP1EP0WP0EN1WN1*EN2WN2EN3WN3;DDR
-2;DDRDDRCCVDDVDCR;EP3WP3EP2WP2EP1WP1EP0WP0EN1WN1*EN2WN2EN3WN3;DDR
0;DCVDCVDDNDDRCCV;EP3WP3EP2WP2EP1WP1EP0WP0EN1WN1*EN2WN2EN3WN3;CCV
64;CDVCDVDCVDDNDDR;EP3WP3EP2WP2EP1WP1EP0WP0*EN1WN1EN2WN2EN3WN3;CCV
24;CCVCCVCDVDCVDDN;EP3WP3EP2WP2EP1WP1EP0WP0*EN1WN1EN2WN2EN3WN3;CCV
12;CCVCCVCCVCDVDCV;EP3WP3EP2WP2EP1WP1EP0WP0*EN1WN1EN2WN2EN3WN3;CCV
32;CCVCCVCCVCCVCDV;EP3WP3EP2WP2EP1WP1EP0WP0*EN1WN1EN2WN2EN3WN3;CCV
26;IDRIDRCDRCCVCCV;EP3WP3EP2WP2EP1WP1EP0WP0*EN1WN1EN2WN2EN3WN3;CCV
50;CCVCCVIDRCDRCCV;EP3WP3EP2WP2EP1WP1EP0WP0*EN1WN1EN2WN2EN3WN3;CCV
-32;DCRDCRCCVIDRCDR;EP3WP3EP2WP2EP1WP1EP0WP0*EN1WN1EN2WN2EN3WN3;DDR
4;DDRDDRDCRCCVIDR;EP3WP3EP2WP2EP1WP1EP0WP0*EN1WN1EN2WN2EN3WN3;CCV
-32;DDRDDRDDRDCRCCV;EP3WP3EP2WP2EP1WP1EP0WP0*EN1WN1EN2WN2EN3WN3;DDR
-30;IDRIDRIDVDDRDDR;EP3WP3EP2WP2EP1WP1EP0WP0*EN1WN1EN2WN2EN3WN3;DDR
30;DDVDDVIDRIDVDDR;EP3WP3EP2WP2EP1WP1EP0WP0*EN1WN1EN2WN2EN3WN3;CCV
-38;CDRCDRDDVIDRIDV;EP3WP3EP2WP2EP1WP1EP0WP0*EN1WN1EN2WN2EN3WN3;DDR
-4;DDRDDRCDRDDVIDR;EP3WP3EP2WP2EP1WP1EP0WP0EN1WN1*EN2WN2EN3WN3;DDR
-26;DDRDDRDDRCDRDDV;EP3WP3EP2WP2EP1WP1EP0WP0EN1WN1*EN2WN2EN3WN3;DDR
18;CCVCCVCIVDDRDDR;EP3WP3EP2WP2EP1WP1EP0WP0*EN1WN1EN2WN2EN3WN3;CCV
-42;DDRDDRCCVCIVDDR;EP3WP3EP2WP2EP1WP1EP0WP0*EN1WN1EN2WN2EN3WN3;DDR
2;DDRDDRDDRCCVCIV;EP3WP3EP2WP2EP1WP1EP0WP0EN1WN1*EN2WN2EN3WN3;CCV
-52;DDRDDRDDRDDRCCV;EP3WP3EP2WP2EP1WP1EP0WP0EN1WN1*EN2WN2EN3WN3;DDR
-38;DDRDDRDDRDDRDDR;EP3WP3EP2WP2EP1WP1EP0WP0EN1WN1*EN2WN2EN3WN3;DDR
-20;CCVCCVCDVDDRDDR;EP3WP3EP2WP2EP1WP1EP0WP0EN1WN1*EN2WN2EN3WN3;DDR
-18;CCRCCRCCVCDVDDR;EP3WP3EP2WP2EP1WP1EP0WP0EN1WN1*EN2WN2EN3WN3;DDR
26;CCVCCVCCRCCVCDV;EP3WP3EP2WP2EP1WP1EP0WP0*EN1WN1EN2WN2EN3WN3;CCV
30;CCVCCVCCVCCRCCV;EP3WP3EP2WP2EP1WP1EP0WP0*EN1WN1EN2WN2EN3WN3;CCV
36;CCVCCVCCVCCVCCR;EP3WP3EP2WP2EP1WP1EP0WP0*EN1WN1EN2WN2EN3WN3;CCV
20;CDVCDVIDRCCVCCV;EP3WP3EP2WP2EP1WP1EP0WP0*EN1WN1EN2WN2EN3WN3;CCV
30;CCVCCVCDVIDRCCV;EP3WP3EP2WP2EP1WP1EP0WP0*EN1WN1EN2WN2EN3WN3;CCV
38;CDVCDVCCVCDVIDR;EP3WP3EP2WP2EP1WP1EP0WP0*EN1WN1EN2WN2EN3WN3;CCV
-6;CCRCCRCDVCCVCDV;EP3WP3EP2WP2EP1WP1EP0WP0*EN1WN1EN2WN2EN3WN3;DDR
14;CCVCCVCCRCDVCCV;EP3WP3EP2WP2EP1WP1EP0WP0*EN1WN1EN2WN2EN3WN3;CCV
50;CDVCDVDDRCCVCCR;EP3WP3EP2WP2EP1WP1EP0WP0*EN1WN1EN2WN2EN3WN3;CCV
42;CCNCCNCDVDDRCCV;EP3WP3EP2WP2EP1WP1EP0WP0*EN1WN1EN2WN2EN3WN3;CCV
52;CCVCCVCCNCDVDDR;EP3WP3EP2WP2EP1WP1EP0WP0*EN1WN1EN2WN2EN3WN3;CCV
46;CCVCCVCCVCCNCDV;EP3WP3EP2WP2EP1WP1EP0WP0*EN1WN1EN2WN2EN3WN3;CCV
-4;DDRDDRCCVCCVCCN;EP3WP3EP2WP2EP1WP1EP0WP0*EN1WN1EN2WN2EN3WN3;CCV
74;CCVCCVDDNDDRCCV;EP3WP3EP2WP2EP1WP1EP0WP0*EN1WN1EN2WN2EN3WN3;CCV
4;CCRCCRCCVDDNDDR;EP3WP3EP2WP2EP1WP1EP0WP0*EN1WN1EN2WN2EN3WN3;CCV
90;CDVCDVCCRCCVDDN;EP3WP3EP2WP2EP1WP1EP0WP0*EN1WN1EN2WN2EN3WN3;CCV
82;CCVCCVCDVCCRCCV;EP3WP3EP2WP2EP1WP1EP0WP0*EN1WN1EN2WN2EN3WN3;CCV
50;CCVCCVCCVCDVCCR;EP3WP3EP2WP2EP1WP1EP0WP0*EN1WN1EN2WN2EN3WN3;CCV
16;CDRCDRCCVCCVCCV;EP3WP3EP2WP2EP1WP1EP0WP0*EN1WN1EN2WN2EN3WN3;DDR
-30;DDRDDRCDRCCVCCV;EP3WP3EP2WP2EP1WP1EP0WP0*EN1WN1EN2WN2EN3WN3;DDR
8;DDRDDRDDRCDRCCV;EP3WP3EP2WP2EP1WP1EP0WP0*EN1WN1EN2WN2EN3WN3;DDR
-30;DDRDDRDDRDDRCDR;EP3WP3EP2WP2EP1WP1EP0WP0*EN1WN1EN2WN2EN3WN3;DDR
-24;DCVDCVDDRDDRDDR;EP3WP3EP2WP2EP1WP1EP0WP0*EN1WN1EN2WN2EN3WN3;CCV
-40;DDRDDRDDRDCVDDR;EP3WP3EP2WP2EP1WP1EP0WP0*EN1WN1EN2WN2EN3WN3;DDR
24;DDRDDRDDRDDRDCV;EP3WP3EP2WP2EP1WP1EP0WP0*EN1WN1EN2WN2EN3WN3;CCV
10;CCVCCVDDRDDRDDR;EP3WP3EP2WP2EP1WP1EP0WP0*EN1WN1EN2WN2EN3WN3;CCV
54;CCVCCVCCVDDRDDR;EP3WP3EP2WP2EP1WP1EP0WP0*EN1WN1EN2WN2EN3WN3;CCV
-8;DCRDCRCCVCCVDDR;EP3WP3EP2WP2EP1WP1EP0WP0*EN1WN1EN2WN2EN3WN3;DDR
-20;DDRDDRICRDCRCCV;EP3WP3EP2WP2EP1WP1EP0WP0*EN1WN1EN2WN2EN3WN3;DDR
38;CCVCCVDDRICRDCR;EP3WP3EP2WP2EP1WP1EP0WP0*EN1WN1EN2WN2EN3WN3;CCV
-28;CCRCCRCCVDDRICR;EP3WP3EP2WP2EP1WP1EP0WP0*EN1WN1EN2WN2EN3WN3;DDR
-28;DDRDDRCCRCCVDDR;EP3WP3EP2WP2EP1WP1EP0WP0*EN1WN1EN2WN2EN3WN3;CCV
-6;DDVDDVDDRCCRCCV;EP3WP3EP2WP2EP1WP1EP0WP0*EN1WN1EN2WN2EN3WN3;CCV
6;DCRDCRCCVDDVDDR;EP3WP3EP2WP2EP1WP1EP0WP0*EN1WN1EN2WN2EN3WN3;CCV
-30;DDRDDRDCRCCVDDV;EP3WP3EP2WP2EP1WP1EP0WP0*EN1WN1EN2WN2EN3WN3;DDR
-34;DCRDCRDDRDCRCCV;EP3WP3EP2WP2EP1WP1EP0WP0*EN1WN1EN2WN2EN3WN3;DDR
-2;DDVDDVDCRDDRDCR;EP3WP3EP2WP2EP1WP1EP0WP0*EN1WN1EN2WN2EN3WN3;CCV
12;CCVCCVDDVDCRDDR;EP3WP3EP2WP2EP1WP1EP0WP0*EN1WN1EN2WN2EN3WN3;CCV
-24;CDRCDRCCVCCVDDV;EP3WP3EP2WP2EP1WP1EP0WP0*EN1WN1EN2WN2EN3WN3;DDR
26;DDRDDRCDRCCVCCV;EP3WP3EP2WP2EP1WP1EP0WP0*EN1WN1EN2WN2EN3WN3;CCV
0;DDRDDRDDRCDRCCV;EP3WP3EP2WP2EP1WP1EP0WP0*EN1WN1EN2WN2EN3WN3;DDR
8;CCVCCVDDRDDRCDR;EP3WP3EP2WP2EP1WP1EP0WP0*EN1WN1EN2WN2EN3WN3;CCV
-12;ICRICRCCVDDRDDR;EP3WP3EP2WP2EP1WP1EP0WP0*EN1WN1EN2WN2EN3WN3;DDR
6;DDVDDVDDRICRCCV;EP3WP3EP2WP2EP1WP1EP0WP0*EN1WN1EN2WN2EN3WN3;CCV
10;CCVCCVDDVDDRICR;EP3WP3EP2WP2EP1WP1EP0WP0*EN1WN1EN2WN2EN3WN3;CCV
-14;DDRDDRCCVDDVDDR;EP3WP3EP2WP2EP1WP1EP0WP0*EN1WN1EN2WN2EN3WN3;DDR
60;CCVCCVDDRCCVDDV;EP3WP3EP2WP2EP1WP1EP0WP0*EN1WN1EN2WN2EN3WN3;CCV
10;CCVCCVCCVDDRCCV;EP3WP3EP2WP2EP1WP1EP0WP0*EN1WN1EN2WN2EN3WN3;CCV
-14;CCVCCVCCVCCVCCV;EP3WP3EP2WP2EP1WP1*EP0WP0EN1WN1EN2WN2EN3WN3;CCV
6;CCRCCRCCVCCVCCV;EP3WP3EP2WP2EP1WP1*EP0WP0EN1WN1EN2WN2EN3WN3;DDR
-18;DDRDDRCCRCCVCCV;EP3WP3EP2WP2EP1WP1*EP0WP0EN1WN1EN2WN2EN3WN3;DDR
14;DDVDDVDDRCCRCCV;EP3WP3EP2WP2EP1WP1*EP0WP0EN1WN1EN2WN2EN3WN3;CCV
-26;CCRCCRDDVDDRCCR;EP3WP3EP2WP2EP1WP1*EP0WP0EN1WN1EN2WN2EN3WN3;DDR
76;CCRCCRCCVCCRDDV;EP3WP3EP2WP2EP1WP1*EP0WP0EN1WN1EN2WN2EN3WN3;CCV
-36;DCRDCRCCRCCVCCR;EP3WP3EP2WP2EP1WP1*EP0WP0EN1WN1EN2WN2EN3WN3;DDR
-12;DDRDDRDCRCCRCCV;EP3WP3EP2WP2EP1WP1*EP0WP0EN1WN1EN2WN2EN3WN3;DDR
-18;CDRCDRDDRDCRCCR;EP3WP3EP2WP2EP1WP1*EP0WP0EN1WN1EN2WN2EN3WN3;DDR
10;DDNDDNCDRDDRDCR;EP3WP3EP2WP2EP1WP1EP0WP0*EN1WN1EN2WN2EN3WN3;CCV
30;DDVDDVCDRDDNCDR;EP3WP3EP2WP2EP1WP1EP0WP0*EN1WN1EN2WN2EN3WN3;CCV
-40;DDRDDRDDVCDRDDN;EP3WP3EP2WP2EP1WP1EP0WP0*EN1WN1EN2WN2EN3WN3;DDR
-12;DDRDDRDDRDDVCDR;EP3WP3EP2WP2EP1WP1EP0WP0*EN1WN1EN2WN2EN3WN3;DDR
34;CCVCCVDDRDDRDDV;EP3WP3EP2WP2EP1WP1EP0WP0*EN1WN1EN2WN2EN3WN3;CCV
-4;CCVCCVCCVDDRDDR;EP3WP3EP2WP2EP1WP1EP0WP0*EN1WN1EN2WN2EN3WN3;CCV
12;CCVCCVICRCCVCCV;EP3WP3EP2WP2EP1WP1EP0WP0*EN1WN1EN2WN2EN3WN3;CCV
22;CCRCCRCCVICRCCV;EP3WP3EP2WP2EP1WP1EP0WP0*EN1WN1EN2WN2EN3WN3;CCV
-10;DDRDDRCCRCCVICR;EP3WP3EP2WP2EP1WP1EP0WP0*EN1WN1EN2WN2EN3WN3;CCV
12;DDRDDRDDRCCRCCV;EP3WP3EP2WP2EP1WP1EP0WP0*EN1WN1EN2WN2EN3WN3;DDR
-2;DDRDDRDDRDDRCCR;EP3WP3EP2WP2EP1WP1EP0WP0*EN1WN1EN2WN2EN3WN3;DDR
-46;CCVCCVICVDDRDDR;EP3WP3EP2WP2EP1WP1EP0WP0*EN1WN1EN2WN2EN3WN3;DDR
-2;DDRDDRCCVICVDDR;EP3WP3EP2WP2EP1WP1EP0WP0*EN1WN1EN2WN2EN3WN3;CCV
26;CDVCDVDDRCCVICV;EP3WP3EP2WP2EP1WP1EP0WP0*EN1WN1EN2WN2EN3WN3;CCV
-6;CCRCCRCDVDDRCCV;EP3WP3EP2WP2EP1WP1EP0WP0*EN1WN1EN2WN2EN3WN3;DDR
44;DDRDDRCCRCDVDDR;EP3WP3EP2WP2EP1WP1EP0WP0*EN1WN1EN2WN2EN3WN3;CCV
-20;DDRDDRDDVDDRCCR;EP3WP3EP2WP2EP1WP1EP0WP0*EN1WN1EN2WN2EN3WN3;DDR
22;CCVCCVDDRDDVDDR;EP3WP3EP2WP2EP1WP1EP0WP0*EN1WN1EN2WN2EN3WN3;CCV
60;CCVCCVCCVDDRDDV;EP3WP3EP2WP2EP1WP1*EP0WP0EN1WN1EN2WN2EN3WN3;CCV
44;CCVCCVCCVCCVDDR;EP3WP3EP2WP2EP1WP1*EP0WP0EN1WN1EN2WN2EN3WN3;CCV
-44;CDRCDRCCVCCVCCV;EP3WP3EP2WP2EP1WP1*EP0WP0EN1WN1EN2WN2EN3WN3;DDR
42;CCVCCVDDRCDRCCV;EP3WP3EP2WP2EP1WP1*EP0WP0EN1WN1EN2WN2EN3WN3;CCV
-60;CDRCDRCCVDDRCDR;EP3WP3EP2WP2EP1WP1*EP0WP0EN1WN1EN2WN2EN3WN3;DDR
50;DDVDDVCDRCCVDDR;EP3WP3EP2WP2EP1WP1*EP0WP0EN1WN1EN2WN2EN3WN3;CCV
-26;ICRICRDDVCDRCCV;EP3WP3EP2WP2EP1WP1*EP0WP0EN1WN1EN2WN2EN3WN3;DDR
4;CCVCCVICRDDVCDR;EP3WP3EP2WP2EP1WP1*EP0WP0EN1WN1EN2WN2EN3WN3;DDR
60;CDVCDVCCRCCVICR;EP3WP3EP2WP2EP1WP1*EP0WP0EN1WN1EN2WN2EN3WN3;CCV
54;CCVCCVCDVCCRCCV;EP3WP3EP2WP2EP1WP1*EP0WP0EN1WN1EN2WN2EN3WN3;CCV
-2;DDRDDRCCVCDVCCR;EP3WP3EP2WP2EP1WP1*EP0WP0EN1WN1EN2WN2EN3WN3;CCV
-36;DDRDDRDDRCCVCDV;EP3WP3EP2WP2EP1WP1*EP0WP0EN1WN1EN2WN2EN3WN3;DDR
-8;DDVDDVDDRDDRCCV;EP3WP3EP2WP2EP1WP1*EP0WP0EN1WN1EN2WN2EN3WN3;CCV
20;CCVCCVCCVDDVDDR;EP3WP3EP2WP2EP1WP1*EP0WP0EN1WN1EN2WN2EN3WN3;CCV
62;CCRCCRCCVCCVDDV;EP3WP3EP2WP2EP1WP1*EP0WP0EN1WN1EN2WN2EN3WN3;CCV
-32;IDRIDRCCRCCVCCV;EP3WP3EP2WP2EP1WP1*EP0WP0EN1WN1EN2WN2EN3WN3;DDR
12;DDNDDNIDRCCRCCV;EP3WP3EP2WP2EP1WP1*EP0WP0EN1WN1EN2WN2EN3WN3;CCV
64;CCVCCVDDNIDRCCR;EP3WP3EP2WP2EP1WP1*EP0WP0EN1WN1EN2WN2EN3WN3;CCV
8;CCVCCVCCVCCVDDN;EP3WP3EP2WP2EP1WP1*EP0WP0EN1WN1EN2WN2EN3WN3;DDR
18;DDRDDRCCVCCVCCV;EP3WP3EP2WP2EP1WP1*EP0WP0EN1WN1EN2WN2EN3WN3;DDR
8;DDVDDVDDRCCVCCV;EP3WP3EP2WP2EP1WP1*EP0WP0EN1WN1EN2WN2EN3WN3;CCV
22;CDRCDRDDVDDRCCV;EP3WP3EP2WP2EP1WP1*EP0WP0EN1WN1EN2WN2EN3WN3;DDR
-24;DDRDDRCDRDDVDDR;EP3WP3EP2WP2EP1WP1*EP0WP0EN1WN1EN2WN2EN3WN3;DDR
48;CCVCCVCCVDDRCDR;EP3WP3EP2WP2EP1WP1*EP0WP0EN1WN1EN2WN2EN3WN3;CCV
-4;CCVCCVCCVCCVDDR;EP3WP3EP2WP2EP1WP1*EP0WP0EN1WN1EN2WN2EN3WN3;CCV
-14;CCVCCVCCVCCVCCV;EP3WP3EP2WP2EP1WP1*EP0WP0EN1WN1EN2WN2EN3WN3;CCV
36;CCRCCRCCVCCVCCV;EP3WP3EP2WP2EP1WP1*EP0WP0EN1WN1EN2WN2EN3WN3;DDR
0;DDRDDRCCRCCVCCV;EP3WP3EP2WP2EP1WP1*EP0WP0EN1WN1EN2WN2EN3WN3;DDR
76;CCVCCVCDVDDRCCR;EP3WP3EP2WP2EP1WP1*EP0WP0EN1WN1EN2WN2EN3WN3;CCV
-30;CCRCCRCCVCDVDDR;EP3WP3EP2WP2EP1WP1*EP0WP0EN1WN1EN2WN2EN3WN3;DDR
-46;DDRDDRCCRCCVCDV;EP3WP3EP2WP2EP1WP1*EP0WP0EN1WN1EN2WN2EN3WN3;DDR
4;CCVCCVDDRCCRCCV;EP3WP3EP2WP2EP1WP1*EP0WP0EN1WN1EN2WN2EN3WN3;CCV
-34;CCVCCVCCVDDRCCR;EP3WP3EP2WP2EP1WP1*EP0WP0EN1WN1EN2WN2EN3WN3;DDR
38;ICRICRCCVCCVCCV;EP3WP3EP2WP2EP1WP1*EP0WP0EN1WN1EN2WN2EN3WN3;CCV
18;CDVCDVICRCCVCCV;EP3WP3EP2WP2EP1WP1*EP0WP0EN1WN1EN2WN2EN3WN3;CCV
-26;CCVCCVCDVICRCCV;EP3WP3EP2WP2EP1WP1*EP0WP0EN1WN1EN2WN2EN3WN3;DDR
84;CCVCCVCCVCDVICR;EP3WP3EP2WP2EP1WP1*EP0WP0EN1WN1EN2WN2EN3WN3;CCV
54;CCVCCVCCVCCVCDV;EP3WP3EP2WP2EP1WP1*EP0WP0EN1WN1EN2WN2EN3WN3;CCV
-10;CIRCIRDDRCCVCCV;EP3WP3EP2WP2EP1WP1*EP0WP0EN1WN1EN2WN2EN3WN3;DDR
-4;DDRDDRCIRDDRCCV;EP3WP3EP2WP2EP1WP1*EP0WP0EN1WN1EN2WN2EN3WN3;DDR
-58;DDVDDVDDRCIRDDR;EP3WP3EP2WP2EP1WP1*EP0WP0EN1WN1EN2WN2EN3WN3;DDR
28;IIRIIRDDVDDRCIR;EP3WP3EP2WP2EP1WP1*EP0WP0EN1WN1EN2WN2EN3WN3;CCV
26;CDVCDVIIRDDVDDR;EP3WP3EP2WP2EP1WP1*EP0WP0EN1WN1EN2WN2EN3WN3;CCV
72;CCVCCVCCVCDVIIR;EP3WP3EP2WP2*EP1WP1EP0WP0EN1WN1EN2WN2EN3WN3;CCV
54;CCVCCVCCVCCVCDV;EP3WP3EP2WP2*EP1WP1EP0WP0EN1WN1EN2WN2EN3WN3;CCV
24;CCRCCRCCVCCVCCV;EP3WP3EP2WP2*EP1WP1EP0WP0EN1WN1EN2WN2EN3WN3;DDR
-32;DDRDDRCCRCCVCCV;EP3WP3EP2WP2*EP1WP1EP0WP0EN1WN1EN2WN2EN3WN3;DDR
64;CCVCCVDDRCCRCCV;EP3WP3EP2WP2*EP1WP1EP0WP0EN1WN1EN2WN2EN3WN3;CCV
48;CCVCCVCCVCCVDDR;EP3WP3EP2WP2*EP1WP1EP0WP0EN1WN1EN2WN2EN3WN3;CCV
2;CCVCCVCCVCCVCCV;EP3WP3EP2WP2*EP1WP1EP0WP0EN1WN1EN2WN2EN3WN3;CCV
-6;CDRCDRCCVCCVCCV;EP3WP3EP2WP2*EP1WP1EP0WP0EN1WN1EN2WN2EN3WN3;DDR
8;DDRDDRCDRCCVCCV;EP3WP3EP2WP2*EP1WP1EP0WP0EN1WN1EN2WN2EN3WN3;DDR
-18;CCNCCNDDRCDRCCV;EP3WP3EP2WP2*EP1WP1EP0WP0EN1WN1EN2WN2EN3WN3;DDR
60;CCVCCVDDRCCNDDR;EP3WP3EP2WP2*EP1WP1EP0WP0EN1WN1EN2WN2EN3WN3;CCV
34;CCVCCVCCVDDRCCN;EP3WP3EP2WP2*EP1WP1EP0WP0EN1WN1EN2WN2EN3WN3;CCV
-14;CDRCDRCCVCCVDDR;EP3WP3EP2WP2*EP1WP1EP0WP0EN1WN1EN2WN2EN3WN3;DDR
-10;DDRDDRCDRCCVCCV;EP3WP3EP2WP2*EP1WP1EP0WP0EN1WN1EN2WN2EN3WN3;DDR
-4;DDRDDRDDRCDRCCV;EP3WP3EP2WP2*EP1WP1EP0WP0EN1WN1EN2WN2EN3WN3;DDR
6;CCRCCRCCVDDRDDR;EP3WP3EP2WP2*EP1WP1EP0WP0EN1WN1EN2WN2EN3WN3;DDR
-6;DDRDDRCCRCCVDDR;EP3WP3EP2WP2*EP1WP1EP0WP0EN1WN1EN2WN2EN3WN3;CCV
12;CCVCCVDDRCCRCCV;EP3WP3EP2WP2*EP1WP1EP0WP0EN1WN1EN2WN2EN3WN3;CCV
56;CCVCCVCCVDDRCCR;EP3WP3EP2WP2*EP1WP1EP0WP0EN1WN1EN2WN2EN3WN3;CCV
-18;ICRICRCCVCCVDDR;EP3WP3EP2WP2*EP1WP1EP0WP0EN1WN1EN2WN2EN3WN3;DDR
28;CCRCCRCCVICRCCV;EP3WP3EP2WP2*EP1WP1EP0WP0EN1WN1EN2WN2EN3WN3;CCV
12;DDRDDRCCRCCVICR;EP3WP3EP2WP2*EP1WP1EP0WP0EN1WN1EN2WN2EN3WN3;CCV
96;CDVCDVDDRCCRCCV;EP3WP3EP2WP2*EP1WP1EP0WP0EN1WN1EN2WN2EN3WN3;CCV
0;CCVCCVCDVDDRCCR;EP3WP3EP2WP2*EP1WP1EP0WP0EN1WN1EN2WN2EN3WN3;CCV
-82;DCRDCRCCVCDVDDR;EP3WP3EP2WP2*EP1WP1EP0WP0EN1WN1EN2WN2EN3WN3;DDR
0;DDRDDRDDVDCRCCV;EP3WP3EP2WP2*EP1WP1EP0WP0EN1WN1EN2WN2EN3WN3;DDR
-16;DDRDDRDDRDDVDCR;EP3WP3EP2WP2*EP1WP1EP0WP0EN1WN1EN2WN2EN3WN3;DDR
-58;DDRDDRDDRDDRDDV;EP3WP3EP2WP2*EP1WP1EP0WP0EN1WN1EN2WN2EN3WN3;DDR
-4;DDVDDVDDRDDRDDR;EP3WP3EP2WP2*EP1WP1EP0WP0EN1WN1EN2WN2EN3WN3;CCV
-46;DDRDDRDDVDDRDDR;EP3WP3EP2WP2*EP1WP1EP0WP0EN1WN1EN2WN2EN3WN3;DDR
24;CCVCCVDCVDDRDDV;EP3WP3EP2WP2*EP1WP1EP0WP0EN1WN1EN2WN2EN3WN3;CCV
6;DCRDCRCCVDCVDDR;EP3WP3EP2WP2*EP1WP1EP0WP0EN1WN1EN2WN2EN3WN3;DDR
-6;CDVCDVDCRCCVDCV;EP3WP3EP2WP2*EP1WP1EP0WP0EN1WN1EN2WN2EN3WN3;DDR
56;CCVCCVCDVDCRCCV;EP3WP3EP2WP2*EP1WP1EP0WP0EN1WN1EN2WN2EN3WN3;CCV
44;CCVCCVCCVCDVDCR;EP3WP3EP2WP2*EP1WP1EP0WP0EN1WN1EN2WN2EN3WN3;CCV
-4;DDVDDVDDRCCVCCV;EP3WP3EP2WP2*EP1WP1EP0WP0EN1WN1EN2WN2EN3WN3;CCV
-28;CCNCCNDDVDDRCCV;EP3WP3EP2WP2*EP1WP1EP0WP0EN1WN1EN2WN2EN3WN3;DDR
-16;DDRDDRCCNDDVDDR;EP3WP3EP2WP2*EP1WP1EP0WP0EN1WN1EN2WN2EN3WN3;DDR
-30;DDRDDRDDRCCNDDV;EP3WP3EP2WP2*EP1WP1EP0WP0EN1WN1EN2WN2EN3WN3;DDR
38;DDVDDVDDRDDRCCN;EP3WP3EP2WP2*EP1WP1EP0WP0EN1WN1EN2WN2EN3WN3;CCV
-12;ICVICVCIRDDVDDR;EP3WP3EP2WP2*EP1WP1EP0WP0EN1WN1EN2WN2EN3WN3;DDR
-50;DDRDDRICVCIRDDV;EP3WP3EP2WP2*EP1WP1EP0WP0EN1WN1EN2WN2EN3WN3;DDR
10;CDVCDVDDRICVCIR;EP3WP3EP2WP2*EP1WP1EP0WP0EN1WN1EN2WN2EN3WN3;CCV
6;CCRCCRCDVDDRICV;EP3WP3EP2WP2*EP1WP1EP0WP0EN1WN1EN2WN2EN3WN3;DDR
68;CCVCCVCCRCDVDDR;EP3WP3EP2WP2*EP1WP1EP0WP0EN1WN1EN2WN2EN3WN3;CCV
2;CCRCCRDCVCCVCCR;EP3WP3EP2WP2*EP1WP1EP0WP0EN1WN1EN2WN2EN3WN3;DDR
10;CDVCDVCCRDCVCCV;EP3WP3EP2WP2*EP1WP1EP0WP0EN1WN1EN2WN2EN3WN3;CCV
58;CCVCCVCDVCCRDCV;EP3WP3EP2WP2*EP1WP1EP0WP0EN1WN1EN2WN2EN3WN3;CCV
-30;DDRDDRCCVCDVCCR;EP3WP3EP2WP2*EP1WP1EP0WP0EN1WN1EN2WN2EN3WN3;DDR
-6;DDVDDVDDRCCVCDV;EP3WP3EP2WP2*EP1WP1EP0WP0EN1WN1EN2WN2EN3WN3;DDR
34;IDRIDRCCRDDVDDR;EP3WP3EP2WP2*EP1WP1EP0WP0EN1WN1EN2WN2EN3WN3;CCV
-10;DDRDDRIDRCCRDDV;EP3WP3EP2WP2*EP1WP1EP0WP0EN1WN1EN2WN2EN3WN3;DDR
6;CDVCDVDDRIDRCCR;EP3WP3EP2WP2*EP1WP1EP0WP0EN1WN1EN2WN2EN3WN3;DDR
-6;DCRDCRCDVDDRIDR;EP3WP3EP2WP2*EP1WP1EP0WP0EN1WN1EN2WN2EN3WN3;DDR
-22;DDNDDNDCRCDVDDR;EP3WP3EP2WP2*EP1WP1EP0WP0EN1WN1EN2WN2EN3WN3;DDR
56;CCVCCVCIVDDNDCR;EP3WP3EP2WP2*EP1WP1EP0WP0EN1WN1EN2WN2EN3WN3;CCV
28;DCRDCRCCVCIVDDN;EP3WP3EP2WP2*EP1WP1EP0WP0EN1WN1EN2WN2EN3WN3;CCV
-12;CDRCDRDCRCCVCIV;EP3WP3EP2WP2*EP1WP1EP0WP0EN1WN1EN2WN2EN3WN3;DDR
-76;DDRDDRCDRDCRCCV;EP3WP3EP2WP2EP1WP1*EP0WP0EN1WN1EN2WN2EN3WN3;DDR
-68;DDRDDRDDRCDRDCR;EP3WP3EP2WP2EP1WP1*EP0WP0EN1WN1EN2WN2EN3WN3;DDR
-18;DDRDDRCCVDDRDDR;EP3WP3EP2WP2EP1WP1*EP0WP0EN1WN1EN2WN2EN3WN3;DDR
34;CIVCIVDDRCCVDDR;EP3WP3EP2WP2EP1WP1*EP0WP0EN1WN1EN2WN2EN3WN3;CCV
-44;CCRCCRCIVDDRCCV;EP3WP3EP2WP2EP1WP1*EP0WP0EN1WN1EN2WN2EN3WN3;DDR
-54;DDRDDRCCRCIVDDR;EP3WP3EP2WP2EP1WP1*EP0WP0EN1WN1EN2WN2EN3WN3;DDR
-50;DDRDDRDDRCCRCIV;EP3WP3EP2WP2EP1WP1*EP0WP0EN1WN1EN2WN2EN3WN3;DDR
-98;DDRDDRCCVDDRDDR;EP3WP3EP2WP2EP1WP1*EP0WP0EN1WN1EN2WN2EN3WN3;DDR
-38;DDRDDRDDRCCVDDR;EP3WP3EP2WP2EP1WP1*EP0WP0EN1WN1EN2WN2EN3WN3;DDR
22;DIRDIRDDRDDRCCV;EP3WP3EP2WP2EP1WP1*EP0WP0EN1WN1EN2WN2EN3WN3;CCV
68;CDVCDVDIRDDRDDR;EP3WP3EP2WP2EP1WP1*EP0WP0EN1WN1EN2WN2EN3WN3;CCV
6;CCRCCRCDVDIRDDR;EP3WP3EP2WP2EP1WP1*EP0WP0EN1WN1EN2WN2EN3WN3;DDR
2;CIRCIRDDNCCRCDV;EP3WP3EP2WP2EP1WP1*EP0WP0EN1WN1EN2WN2EN3WN3;DDR
70;CCVCCVCIRDDNCCR;EP3WP3EP2WP2EP1WP1*EP0WP0EN1WN1EN2WN2EN3WN3;CCV
18;CCVCCVCCVCIRDDN;EP3WP3EP2WP2EP1WP1*EP0WP0EN1WN1EN2WN2EN3WN3;CCV
42;CCVCCVCCVCCVCIR;EP3WP3EP2WP2EP1WP1*EP0WP0EN1WN1EN2WN2EN3WN3;CCV
32;CDVCDVCCVCCVCCV;EP3WP3EP2WP2EP1WP1*EP0WP0EN1WN1EN2WN2EN3WN3;CCV
-4;DDRDDRCCRCDVCCV;EP3WP3EP2WP2EP1WP1*EP0WP0EN1WN1EN2WN2EN3WN3;DDR
32;DDVDDVDDRCCRCDV;EP3WP3EP2WP2EP1WP1*EP0WP0EN1WN1EN2WN2EN3WN3;CCV
28;CCVCCVDDVDDRCCR;EP3WP3EP2WP2*EP1WP1EP0WP0EN1WN1EN2WN2EN3WN3;CCV
22;CCNCCNCCVDDVDDR;EP3WP3EP2WP2*EP1WP1EP0WP0EN1WN1EN2WN2EN3WN3;CCV
54;CCVCCVCCNCCVDDV;EP3WP3EP2WP2*EP1WP1EP0WP0EN1WN1EN2WN2EN3WN3;CCV
-8;DDRDDRICRCCVCCN;EP3WP3EP2WP2*EP1WP1EP0WP0EN1WN1EN2WN2EN3WN3;DDR
54;CCVCCVDDRICRCCV;EP3WP3EP2WP2*EP1WP1EP0WP0EN1WN1EN2WN2EN3WN3;CCV
-10;DDVDDVCCVDDRICR;EP3WP3EP2WP2*EP1WP1EP0WP0EN1WN1EN2WN2EN3WN3;DDR
-4;ICRICRDDVCCVDDR;EP3WP3EP2WP2*EP1WP1EP0WP0EN1WN1EN2WN2EN3WN3;DDR
-14;DDRDDRICRDDVCCV;EP3WP3EP2WP2*EP1WP1EP0WP0EN1WN1EN2WN2EN3WN3;DDR
36;CDNCDNDDRDDRICR;EP3WP3EP2WP2*EP1WP1EP0WP0EN1WN1EN2WN2EN3WN3;CCV
16;CCVCCVCDNDDRDDR;EP3WP3EP2WP2*EP1WP1EP0WP0EN1WN1EN2WN2EN3WN3;CCV
28;DCVDCVCCVCDNDDR;EP3WP3EP2WP2*EP1WP1EP0WP0EN1WN1EN2WN2EN3WN3;CCV
4;CDRCDRDCVCCVCDN;EP3WP3EP2WP2*EP1WP1EP0WP0EN1WN1EN2WN2EN3WN3;DDR
-12;DDRDDRCDRDCVCCV;EP3WP3EP2WP2*EP1WP1EP0WP0EN1WN1EN2WN2EN3WN3;DDR
34;CCVCCVIIVDDRCDR;EP3WP3EP2WP2*EP1WP1EP0WP0EN1WN1EN2WN2EN3WN3;CCV
-14;CCRCCRCCVIIVDDR;EP3WP3EP2WP2*EP1WP1EP0WP0EN1WN1EN2WN2EN3WN3;DDR
-14;DDRDDRCCRCCVIIV;EP3WP3EP2WP2*EP1WP1EP0WP0EN1WN1EN2WN2EN3WN3;DDR
-12;CDNCDNDDRCCRCCV;EP3WP3EP2WP2*EP1WP1EP0WP0EN1WN1EN2WN2EN3WN3;DDR
26;CCVCCVCDNDDRCCR;EP3WP3EP2WP2*EP1WP1EP0WP0EN1WN1EN2WN2EN3WN3;CCV
-28;DDRDDRCDRCCVCDN;EP3WP3EP2WP2*EP1WP1EP0WP0EN1WN1EN2WN2EN3WN3;DDR
-28;DDRDDRDDRCDRCCV;EP3WP3EP2WP2*EP1WP1EP0WP0EN1WN1EN2WN2EN3WN3;DDR
-40;DDRDDRDDRDDRCDR;EP3WP3EP2WP2EP1WP1*EP0WP0EN1WN1EN2WN2EN3WN3;DDR
2;DDRDDRDDRDDRDDR;EP3WP3EP2WP2EP1WP1*EP0WP0EN1WN1EN2WN2EN3WN3;DDR
-52;DDRDDRDDRDDRDDR;EP3WP3EP2WP2EP1WP1*EP0WP0EN1WN1EN2WN2EN3WN3;DDR
26;DDVDDVDDRDDRDDR;EP3WP3EP2WP2EP1WP1*EP0WP0EN1WN1EN2WN2EN3WN3;CCV
54;CCVCCVDDVDDRDDR;EP3WP3EP2WP2EP1WP1*EP0WP0EN1WN1EN2WN2EN3WN3;CCV
-22;DDRDDRCCVDDVDDR;EP3WP3EP2WP2EP1WP1*EP0WP0EN1WN1EN2WN2EN3WN3;DDR
10;DDRDDRDDRCCVDDV;EP3WP3EP2WP2EP1WP1*EP0WP0EN1WN1EN2WN2EN3WN3;DDR
-14;DDRDDRDDRDDRCCV;EP3WP3EP2WP2EP1WP1*EP0WP0EN1WN1EN2WN2EN3WN3;DDR
-18;DDVDDVICNDDRDDR;EP3WP3EP2WP2EP1WP1*EP0WP0EN1WN1EN2WN2EN3WN3;DDR
32;CCVCCVDDVICNDDR;EP3WP3EP2WP2EP1WP1*EP0WP0EN1WN1EN2WN2EN3WN3;CCV
-18;DIRDIRCCVDDVICN;EP3WP3EP2WP2EP1WP1*EP0WP0EN1WN1EN2WN2EN3WN3;DDR
16;CCRCCRDIRCCVDDV;EP3WP3EP2WP2EP1WP1*EP0WP0EN1WN1EN2WN2EN3WN3;CCV
66;CCVCCVCCRDIRCCV;EP3WP3EP2WP2EP1WP1*EP0WP0EN1WN1EN2WN2EN3WN3;CCV
-50;DDRDDRCCRCCVCCR;EP3WP3EP2WP2EP1WP1*EP0WP0EN1WN1EN2WN2EN3WN3;DDR
-44;DDRDDRDDRCCRCCV;EP3WP3EP2WP2EP1WP1*EP0WP0EN1WN1EN2WN2EN3WN3;DDR
0;CCVCCVDDRDDRCCR;EP3WP3EP2WP2EP1WP1*EP0WP0EN1WN1EN2WN2EN3WN3;CCV
0;DDRDDRCCVDDRDDR;EP3WP3EP2WP2EP1WP1*EP0WP0EN1WN1EN2WN2EN3WN3;DDR
-4;DIVDIVDDRCCVDDR;EP3WP3EP2WP2EP1WP1*EP0WP0EN1WN1EN2WN2EN3WN3;DDR
-18;DDVDDVDDRDIVDDR;EP3WP3EP2WP2EP1WP1*EP0WP0EN1WN1EN2WN2EN3WN3;CCV
10;CCVCCVDDVDDRDIV;EP3WP3EP2WP2EP1WP1*EP0WP0EN1WN1EN2WN2EN3WN3;CCV
-48;CDRCDRCCVDDVDDR;EP3WP3EP2WP2EP1WP1*EP0WP0EN1WN1EN2WN2EN3WN3;DDR
-18;DDRDDRCDRCCVDDV;EP3WP3EP2WP2EP1WP1*EP0WP0EN1WN1EN2WN2EN3WN3;DDR
-22;DDRDDRDDRCDRCCV;EP3WP3EP2WP2EP1WP1*EP0WP0EN1WN1EN2WN2EN3WN3;DDR
46;CCVCCVCIVDDRDDR;EP3WP3EP2WP2EP1WP1*EP0WP0EN1WN1EN2WN2EN3WN3;CCV
18;CCVCCVCCVCIVDDR;EP3WP3EP2WP2EP1WP1*EP0WP0EN1WN1EN2WN2EN3WN3;DDR
-16;ICRICRCCVCCVCIV;EP3WP3EP2WP2EP1WP1*EP0WP0EN1WN1EN2WN2EN3WN3;DDR
46;CCVCCVICRCCVCCV;EP3WP3EP2WP2EP1WP1*EP0WP0EN1WN1EN2WN2EN3WN3;CCV
-4;CCRCCRCCVICRCCV;EP3WP3EP2WP2EP1WP1*EP0WP0EN1WN1EN2WN2EN3WN3;DDR
52;CCVCCVCDVCCRCCV;EP3WP3EP2WP2EP1WP1*EP0WP0EN1WN1EN2WN2EN3WN3;CCV
6;CCVCCVCCVCDVCCR;EP3WP3EP2WP2EP1WP1*EP0WP0EN1WN1EN2WN2EN3WN3;DDR
-16;CDVCDVCCVCCVCDV;EP3WP3EP2WP2*EP1WP1EP0WP0EN1WN1EN2WN2EN3WN3;DDR
-58;DCRDCRCDVCCVCCV;EP3WP3EP2WP2*EP1WP1EP0WP0EN1WN1EN2WN2EN3WN3;DDR
2;DDRDDRDCRCDVCCV;EP3WP3EP2WP2EP1WP1*EP0WP0EN1WN1EN2WN2EN3WN3;DDR
-22;DDRDDRDDRDDRDCR;EP3WP3EP2WP2EP1WP1*EP0WP0EN1WN1EN2WN2EN3WN3;DDR
-8;DDVDDVDDRDDRDDR;EP3WP3EP2WP2EP1WP1*EP0WP0EN1WN1EN2WN2EN3WN3;CCV
42;CCVCCVDDVDDRDDR;EP3WP3EP2WP2EP1WP1*EP0WP0EN1WN1EN2WN2EN3WN3;CCV
-58;DDRDDRCCVDDVDDR;EP3WP3EP2WP2EP1WP1*EP0WP0EN1WN1EN2WN2EN3WN3;DDR
-26;DDNDDNDDRCCVDDV;EP3WP3EP2WP2EP1WP1*EP0WP0EN1WN1EN2WN2EN3WN3;DDR
-16;DDRDDRDDVDDNDDR;EP3WP3EP2WP2EP1WP1*EP0WP0EN1WN1EN2WN2EN3WN3;DDR
-64;DDRDDRDDRDDVDDN;EP3WP3EP2WP2EP1WP1*EP0WP0EN1WN1EN2WN2EN3WN3;DDR
22;CDVCDVDDRDDRDDV;EP3WP3EP2WP2EP1WP1*EP0WP0EN1WN1EN2WN2EN3WN3;CCV
-18;DIRDIRCDVDDRDDR;EP3WP3EP2WP2EP1WP1*EP0WP0EN1WN1EN2WN2EN3WN3;DDR
-76;DDRDDRDIRCDVDDR;EP3WP3EP2WP2EP1WP1*EP0WP0EN1WN1EN2WN2EN3WN3;DDR
18;CCVCCVCCVDDRDIR;EP3WP3EP2WP2EP1WP1*EP0WP0EN1WN1EN2WN2EN3WN3;CCV
-2;ICNICNCCVCCVDDR;EP3WP3EP2WP2EP1WP1*EP0WP0EN1WN1EN2WN2EN3WN3;DDR
-16;DDRDDRICNCCVCCV;EP3WP3EP2WP2EP1WP1*EP0WP0EN1WN1EN2WN2EN3WN3;DDR
-56;DDRDDRDDRICNCCV;EP3WP3EP2WP2EP1WP1*EP0WP0EN1WN1EN2WN2EN3WN3;DDR
-78;DDRDDRDDRDDRICN;EP3WP3EP2WP2EP1WP1*EP0WP0EN1WN1EN2WN2EN3WN3;DDR
12;DCRDCRCCVDDRDDR;EP3WP3EP2WP2EP1WP1*EP0WP0EN1WN1EN2WN2EN3WN3;DDR
8;CDVCDVDCRCCVDDR;EP3WP3EP2WP2EP1WP1*EP0WP0EN1WN1EN2WN2EN3WN3;DDR
0;CCVCCVCDVDCRCCV;EP3WP3EP2WP2EP1WP1*EP0WP0EN1WN1EN2WN2EN3WN3;CCV
34;CCVCCVCCVCDVDCR;EP3WP3EP2WP2EP1WP1*EP0WP0EN1WN1EN2WN2EN3WN3;CCV
32;CCVCCVCCVCCVCDV;EP3WP3EP2WP2EP1WP1*EP0WP0EN1WN1EN2WN2EN3WN3;CCV
-4;CCRCCRCCVCCVCCV;EP3WP3EP2WP2EP1WP1*EP0WP0EN1WN1EN2WN2EN3WN3;DDR
12;CCVCCVCCRCCVCCV;EP3WP3EP2WP2EP1WP1*EP0WP0EN1WN1EN2WN2EN3WN3;CCV
-8;ICRICRCCVCCRCCV;EP3WP3EP2WP2EP1WP1*EP0WP0EN1WN1EN2WN2EN3WN3;DDR
-26;DDRDDRICRCCVCCR;EP3WP3EP2WP2EP1WP1*EP0WP0EN1WN1EN2WN2EN3WN3;DDR
42;DDVDDVDDRICRCCV;EP3WP3EP2WP2EP1WP1*EP0WP0EN1WN1EN2WN2EN3WN3;CCV
-16;CCRCCRCCVDDVDDR;EP3WP3EP2WP2EP1WP1*EP0WP0EN1WN1EN2WN2EN3WN3;DDR
44;CDVCDVCCRCCVDDV;EP3WP3EP2WP2EP1WP1*EP0WP0EN1WN1EN2WN2EN3WN3;CCV
12;DDRDDRCDVCCRCCV;EP3WP3EP2WP2EP1WP1*EP0WP0EN1WN1EN2WN2EN3WN3;DDR
14;CDVCDVDDRCDVCCR;EP3WP3EP2WP2EP1WP1*EP0WP0EN1WN1EN2WN2EN3WN3;CCV
-4;DCRDCRCDVDDRCDV;EP3WP3EP2WP2EP1WP1*EP0WP0EN1WN1EN2WN2EN3WN3;DDR
26;CCVCCVCDVDCRCDV;EP3WP3EP2WP2EP1WP1*EP0WP0EN1WN1EN2WN2EN3WN3;CCV
20;CCNCCNCCVCDVDCR;EP3WP3EP2WP2EP1WP1*EP0WP0EN1WN1EN2WN2EN3WN3;CCV
4;DDRDDRCCNCCVCDV;EP3WP3EP2WP2EP1WP1*EP0WP0EN1WN1EN2WN2EN3WN3;DDR
18;DDRDDRDDRCCNCCV;EP3WP3EP2WP2EP1WP1*EP0WP0EN1WN1EN2WN2EN3WN3;DDR
20;CDVCDVDDRDDRCCN;EP3WP3EP2WP2EP1WP1*EP0WP0EN1WN1EN2WN2EN3WN3;CCV
54;CDVCDVCCRCDVDDR;EP3WP3EP2WP2EP1WP1*EP0WP0EN1WN1EN2WN2EN3WN3;CCV
70;CCVCCVCDVCCRCDV;EP3WP3EP2WP2*EP1WP1EP0WP0EN1WN1EN2WN2EN3WN3;CCV
-8;IDRIDRCCVCDVCCR;EP3WP3EP2WP2*EP1WP1EP0WP0EN1WN1EN2WN2EN3WN3;DDR
2;DDRDDRIDRCCVCDV;EP3WP3EP2WP2EP1WP1*EP0WP0EN1WN1EN2WN2EN3WN3;CCV
-2;DDRDDRDDRIDRCCV;EP3WP3EP2WP2EP1WP1*EP0WP0EN1WN1EN2WN2EN3WN3;CCV
-64;DDRDDRDDRDDRDDR;EP3WP3EP2WP2EP1WP1*EP0WP0EN1WN1EN2WN2EN3WN3;DDR
-48;DDRDDRDDRDDRDDR;EP3WP3EP2WP2EP1WP1*EP0WP0EN1WN1EN2WN2EN3WN3;DDR
-30;DDRDDRDDRDDRDDR;EP3WP3EP2WP2EP1WP1*EP0WP0EN1WN1EN2WN2EN3WN3;DDR
-2;CCVCCVDDRDDRDDR;EP3WP3EP2WP2EP1WP1*EP0WP0EN1WN1EN2WN2EN3WN3;CCV
-12;ICNICNCCVDDRDDR;EP3WP3EP2WP2EP1WP1*EP0WP0EN1WN1EN2WN2EN3WN3;DDR
-26;DDRDDRCIRICNCCV;EP3WP3EP2WP2EP1WP1*EP0WP0EN1WN1EN2WN2EN3WN3;DDR
2;DDRDDRDDRCIRICN;EP3WP3EP2WP2EP1WP1*EP0WP0EN1WN1EN2WN2EN3WN3;DDR
22;CCVCCVDDRDDRCIR;EP3WP3EP2WP2EP1WP1*EP0WP0EN1WN1EN2WN2EN3WN3;CCV
28;CCVCCVCCVDDRDDR;EP3WP3EP2WP2EP1WP1*EP0WP0EN1WN1EN2WN2EN3WN3;CCV
26;DCRDCRCCVCCVDDR;EP3WP3EP2WP2EP1WP1*EP0WP0EN1WN1EN2WN2EN3WN3;DDR
-22;DDRDDRCIVDCRCCV;EP3WP3EP2WP2EP1WP1*EP0WP0EN1WN1EN2WN2EN3WN3;DDR
-20;DDRDDRDDRCIVDCR;EP3WP3EP2WP2EP1WP1*EP0WP0EN1WN1EN2WN2EN3WN3;DDR
-56;DDRDDRDDRDDRCIV;EP3WP3EP2WP2EP1WP1*EP0WP0EN1WN1EN2WN2EN3WN3;DDR
6;CCVCCVDDRDDRDDR;EP3WP3EP2WP2EP1WP1*EP0WP0EN1WN1EN2WN2EN3WN3;CCV
-18;DDRDDRCCVDDRDDR;EP3WP3EP2WP2EP1WP1*EP0WP0EN1WN1EN2WN2EN3WN3;DDR
-40;DDRDDRDDRDDRCCV;EP3WP3EP2WP2EP1WP1*EP0WP0EN1WN1EN2WN2EN3WN3;DDR
-48;DDRDDRDDRDDRDDR;EP3WP3EP2WP2EP1WP1*EP0WP0EN1WN1EN2WN2EN3WN3;DDR
-60;DDRDDRDDRDDRDDR;EP3WP3EP2WP2EP1WP1*EP0WP0EN1WN1EN2WN2EN3WN3;DDR
10;DDVDDVDDRDDRDDR;EP3WP3EP2WP2EP1WP1EP0WP0*EN1WN1EN2WN2EN3WN3;CCV
-16;DDRDDRDDVDDRDDR;EP3WP3EP2WP2EP1WP1EP0WP0*EN1WN1EN2WN2EN3WN3;DDR
0;DDRDDRDDRDDRDDV;EP3WP3EP2WP2EP1WP1EP0WP0*EN1WN1EN2WN2EN3WN3;DDR
-24;DDNDDNDDRDDRDDR;EP3WP3EP2WP2EP1WP1EP0WP0*EN1WN1EN2WN2EN3WN3;CCV
-22;DDVDDVDDNDDRDDR;EP3WP3EP2WP2EP1WP1EP0WP0*EN1WN1EN2WN2EN3WN3;CCV
-66;CDRCDRDDVDDNDDR;EP3WP3EP2WP2EP1WP1EP0WP0*EN1WN1EN2WN2EN3WN3;DDR
-18;DDRDDRCDRDDVDDN;EP3WP3EP2WP2EP1WP1EP0WP0*EN1WN1EN2WN2EN3WN3;CCV
18;DDVDDVDDRDDRCDR;EP3WP3EP2WP2EP1WP1EP0WP0*EN1WN1EN2WN2EN3WN3;CCV
-2;IDRIDRDDVDDRDDR;EP3WP3EP2WP2EP1WP1EP0WP0*EN1WN1EN2WN2EN3WN3;CCV
-32;DDRDDRIDRDDVDDR;EP3WP3EP2WP2EP1WP1EP0WP0*EN1WN1EN2WN2EN3WN3;DDR
24;CCVCCVDDRIDRDDV;EP3WP3EP2WP2EP1WP1EP0WP0*EN1WN1EN2WN2EN3WN3;CCV
-2;DCRDCRCCVDDRIDR;EP3WP3EP2WP2EP1WP1EP0WP0*EN1WN1EN2WN2EN3WN3;CCV
-12;DDVDDVDDRDCRCCV;EP3WP3EP2WP2EP1WP1EP0WP0*EN1WN1EN2WN2EN3WN3;CCV
16;CCVCCVDDVDDRDCR;EP3WP3EP2WP2EP1WP1EP0WP0*EN1WN1EN2WN2EN3WN3;CCV
-76;DDRDDRCCVDDVDDR;EP3WP3EP2WP2EP1WP1EP0WP0*EN1WN1EN2WN2EN3WN3;DDR
20;DDRDDRDDRCCVDDV;EP3WP3EP2WP2EP1WP1EP0WP0*EN1WN1EN2WN2EN3WN3;DDR
-32;DDRDDRDDRDDRCCV;EP3WP3EP2WP2EP1WP1EP0WP0*EN1WN1EN2WN2EN3WN3;DDR
-42;DDRDDRCCVDDRDDR;EP3WP3EP2WP2EP1WP1EP0WP0*EN1WN1EN2WN2EN3WN3;DDR
-20;ICVICVDDRCCVDDR;EP3WP3EP2WP2EP1WP1EP0WP0*EN1WN1EN2WN2EN3WN3;CCV
-6;DDRDDRICVDDRCCV;EP3WP3EP2WP2EP1WP1EP0WP0*EN1WN1EN2WN2EN3WN3;CCV
10;DCVDCVDDRICVDDR;EP3WP3EP2WP2EP1WP1EP0WP0*EN1WN1EN2WN2EN3WN3;CCV
-30;DDRDDRDCVDDRICV;EP3WP3EP2WP2EP1WP1EP0WP0*EN1WN1EN2WN2EN3WN3;DDR
12;CDRCDRDDRDDRDCV;EP3WP3EP2WP2EP1WP1EP0WP0*EN1WN1EN2WN2EN3WN3;CCV
-38;DDRDDRCDRDDRDDR;EP3WP3EP2WP2EP1WP1EP0WP0EN1WN1*EN2WN2EN3WN3;DDR
-2;CCVCCVDDRCDRDDR;EP3WP3EP2WP2EP1WP1EP0WP0*EN1WN1EN2WN2EN3WN3;CCV
-62;DDRDDRCCVDDRCDR;EP3WP3EP2WP2EP1WP1EP0WP0*EN1WN1EN2WN2EN3WN3;DDR
-16;DDNDDNDDRCCVDDR;EP3WP3EP2WP2EP1WP1EP0WP0EN1WN1*EN2WN2EN3WN3;DDR
-42;DDRDDRDDRDDNDDR;EP3WP3EP2WP2EP1WP1EP0WP0EN1WN1*EN2WN2EN3WN3;DDR
-18;DDRDDRDDRDDRDDN;EP3WP3EP2WP2EP1WP1EP0WP0EN1WN1*EN2WN2EN3WN3;DDR
62;DDVDDVDDRDDRDDR;EP3WP3EP2WP2EP1WP1EP0WP0EN1WN1*EN2WN2EN3WN3;CCV
-30;CDRCDRDDVDDRDDR;EP3WP3EP2WP2EP1WP1EP0WP0EN1WN1*EN2WN2EN3WN3;DDR
-16;DDRDDRCDRDDVDDR;EP3WP3EP2WP2EP1WP1EP0WP0EN1WN1*EN2WN2EN3WN3;DDR
20;CCVCCVDCVDDRCDR;EP3WP3EP2WP2EP1WP1EP0WP0EN1WN1*EN2WN2EN3WN3;CCV
18;CCVCCVCCVDCVDDR;EP3WP3EP2WP2EP1WP1EP0WP0EN1WN1*EN2WN2EN3WN3;CCV
8;CCVCCVCCVCCVDCV;EP3WP3EP2WP2EP1WP1EP0WP0EN1WN1*EN2WN2EN3WN3;CCV
14;CCVCCVCCVCCVCCV;EP3WP3EP2WP2EP1WP1EP0WP0EN1WN1*EN2WN2EN3WN3;CCV